,fantasy_bat_prev_1,fantasy_bowl_prev_1,fantasy_field_prev_1,fantasy_bat_prev_2,fantasy_bowl_prev_2,fantasy_field_prev_2,bat_points,bowl_points,field_points
0,29.0,0.0,0,1.0,27.0,0,74.0,0.0,8
1,74.0,0.0,8,29.0,0.0,0,-2.0,6.0,0
2,7.0,0.0,0,30.0,0.0,8,53.0,0.0,8
3,53.0,0.0,8,7.0,0.0,0,45.0,0.0,0
4,54.0,6.0,0,2.0,4.0,0,96.0,85.0,0
5,96.0,85.0,0,54.0,6.0,0,11.0,29.0,0
6,6.0,0.0,0,40.0,0.0,0,51.0,0.0,0
7,51.0,0.0,0,6.0,0.0,0,17.0,0.0,0
8,34.0,25.0,0,47.0,2.0,8,5.0,0.0,0
9,5.0,0.0,0,34.0,25.0,0,109.0,0.0,0
10,4.0,0.0,28,3.0,0.0,24,13.0,0.0,36
11,13.0,0.0,36,4.0,0.0,28,22.0,0.0,8
12,16.0,0.0,0,21.0,0.0,0,-3.0,0.0,8
13,-3.0,0.0,8,16.0,0.0,0,1.0,0.0,0
14,3.0,-2.0,0,4.0,85.0,0,48.0,172.0,0
15,48.0,172.0,0,3.0,-2.0,0,0.0,54.0,0
16,0.0,54.0,0,48.0,172.0,0,2.0,2.0,16
17,2.0,2.0,16,0.0,54.0,0,6.0,172.0,8
18,0.0,2.0,0,-2.0,56.0,8,1.0,56.0,8
19,1.0,56.0,8,0.0,2.0,0,2.0,6.0,0
20,67.0,0.0,0,184.0,0.0,8,12.0,0.0,0
21,12.0,0.0,0,67.0,0.0,0,-2.0,0.0,0
22,-2.0,0.0,0,12.0,0.0,0,72.0,0.0,0
23,72.0,0.0,0,-2.0,0.0,0,7.0,0.0,8
24,19.0,0.0,16,-2.0,0.0,0,29.0,0.0,16
25,29.0,0.0,16,19.0,0.0,16,1.0,0.0,0
26,1.0,0.0,0,29.0,0.0,16,5.0,0.0,8
27,5.0,0.0,8,1.0,0.0,0,13.0,0.0,0
28,13.0,0.0,0,5.0,0.0,8,40.0,0.0,8
29,-2.0,0.0,0,-2.0,0.0,0,42.0,0.0,16
30,42.0,0.0,16,-2.0,0.0,0,59.0,0.0,0
31,59.0,0.0,0,42.0,0.0,16,2.0,0.0,8
32,2.0,0.0,8,59.0,0.0,0,6.0,0.0,8
33,79.0,6.0,8,12.0,0.0,0,34.0,52.0,0
34,34.0,52.0,0,79.0,6.0,8,75.0,29.0,0
35,75.0,29.0,0,34.0,52.0,0,42.0,6.0,0
36,42.0,6.0,0,75.0,29.0,0,24.0,0.0,0
37,24.0,0.0,0,42.0,6.0,0,-2.0,0.0,0
38,10.0,6.0,0,31.0,29.0,0,3.0,31.0,0
39,3.0,31.0,0,10.0,6.0,0,59.0,31.0,8
40,59.0,31.0,8,3.0,31.0,0,42.0,0.0,0
41,42.0,0.0,0,59.0,31.0,8,5.0,0.0,0
42,28.0,29.0,0,27.0,0.0,8,30.0,31.0,0
43,30.0,31.0,0,28.0,29.0,0,11.0,0.0,0
44,11.0,0.0,0,30.0,31.0,0,43.0,0.0,0
45,43.0,0.0,0,11.0,0.0,0,1.0,0.0,8
46,1.0,0.0,8,43.0,0.0,0,1.0,6.0,0
47,9.0,6.0,16,36.0,0.0,8,-5.0,56.0,0
48,-5.0,56.0,0,9.0,6.0,16,17.0,2.0,0
49,17.0,2.0,0,-5.0,56.0,0,12.0,0.0,0
50,12.0,0.0,0,17.0,2.0,0,-2.0,0.0,0
51,20.0,0.0,0,53.0,0.0,8,65.0,0.0,8
52,65.0,0.0,8,20.0,0.0,0,1.0,0.0,0
53,1.0,0.0,0,65.0,0.0,8,-2.0,0.0,0
54,4.0,56.0,8,55.0,54.0,8,2.0,56.0,8
55,2.0,56.0,8,4.0,56.0,8,3.0,2.0,0
56,3.0,2.0,0,2.0,56.0,8,0.0,2.0,0
57,0.0,2.0,0,3.0,2.0,0,1.0,6.0,0
58,1.0,6.0,0,0.0,2.0,0,-1.0,31.0,0
59,14.0,-2.0,0,49.0,2.0,0,-2.0,-4.0,0
60,-2.0,-4.0,0,14.0,-2.0,0,22.0,-4.0,0
61,0.0,31.0,0,-2.0,56.0,0,7.0,56.0,0
62,7.0,56.0,0,0.0,31.0,0,0.0,6.0,8
63,0.0,6.0,8,7.0,56.0,0,1.0,6.0,0
64,1.0,6.0,0,0.0,6.0,8,6.0,52.0,0
65,6.0,52.0,0,1.0,6.0,0,5.0,6.0,0
66,0.0,56.0,0,0.0,83.0,0,-2.0,0.0,0
67,-2.0,0.0,0,0.0,56.0,0,-2.0,27.0,0
68,47.0,31.0,8,1.0,56.0,0,45.0,31.0,28
69,45.0,31.0,28,47.0,31.0,8,19.0,56.0,0
70,19.0,56.0,0,45.0,31.0,28,12.0,54.0,0
71,12.0,54.0,0,19.0,56.0,0,190.0,27.0,8
72,190.0,27.0,8,12.0,54.0,0,0.0,85.0,0
73,5.0,114.0,8,0.0,6.0,0,7.0,56.0,0
74,7.0,56.0,0,5.0,114.0,8,16.0,0.0,0
75,16.0,0.0,0,7.0,56.0,0,51.0,29.0,8
76,51.0,29.0,8,16.0,0.0,0,0.0,4.0,0
77,1.0,52.0,8,0.0,56.0,0,10.0,6.0,8
78,10.0,6.0,8,1.0,52.0,8,44.0,29.0,8
79,44.0,29.0,8,10.0,6.0,8,6.0,52.0,0
80,6.0,52.0,0,44.0,29.0,8,0.0,31.0,8
81,-2.0,31.0,0,0.0,31.0,0,-2.0,25.0,0
82,-2.0,25.0,0,-2.0,31.0,0,0.0,112.0,0
83,27.0,0.0,0,61.0,0.0,8,120.0,0.0,0
84,51.0,0.0,0,23.0,0.0,8,5.0,0.0,0
85,5.0,0.0,0,51.0,0.0,0,12.0,0.0,0
86,12.0,0.0,0,5.0,0.0,0,19.0,0.0,0
87,19.0,0.0,0,12.0,0.0,0,-2.0,0.0,0
88,-2.0,0.0,0,19.0,0.0,0,59.0,0.0,0
89,59.0,0.0,0,-2.0,0.0,0,-2.0,0.0,0
90,-2.0,0.0,0,59.0,0.0,0,3.0,0.0,16
91,3.0,0.0,16,-2.0,0.0,0,0.0,0.0,0
92,0.0,0.0,0,3.0,0.0,16,48.0,0.0,0
93,48.0,0.0,0,0.0,0.0,0,54.0,0.0,16
94,26.0,0.0,0,2.0,0.0,0,99.0,0.0,8
95,99.0,0.0,8,26.0,0.0,0,110.0,0.0,16
96,110.0,0.0,16,99.0,0.0,8,15.0,0.0,0
97,15.0,0.0,0,110.0,0.0,16,30.0,0.0,16
98,2.0,0.0,0,7.0,6.0,0,85.0,0.0,0
99,85.0,0.0,0,2.0,0.0,0,89.0,4.0,16
100,89.0,4.0,16,85.0,0.0,0,43.0,4.0,0
101,43.0,4.0,0,89.0,4.0,16,1.0,4.0,0
102,25.0,29.0,8,9.0,6.0,0,27.0,56.0,0
103,27.0,56.0,0,25.0,29.0,8,8.0,6.0,0
104,8.0,6.0,0,27.0,56.0,0,44.0,6.0,0
105,44.0,6.0,0,8.0,6.0,0,83.0,54.0,0
106,83.0,54.0,0,44.0,6.0,0,67.0,0.0,0
107,67.0,0.0,0,83.0,54.0,0,79.0,29.0,8
108,26.0,56.0,0,3.0,6.0,0,-2.0,4.0,0
109,-2.0,4.0,0,26.0,56.0,0,44.0,4.0,0
110,44.0,4.0,0,-2.0,4.0,0,0.0,31.0,0
111,0.0,31.0,0,44.0,4.0,0,9.0,85.0,0
112,9.0,85.0,0,0.0,31.0,0,1.0,6.0,0
113,1.0,6.0,0,9.0,85.0,0,0.0,56.0,0
114,-2.0,0.0,8,1.0,56.0,0,0.0,31.0,0
115,0.0,31.0,0,-2.0,0.0,8,-2.0,0.0,0
116,3.0,6.0,0,0.0,31.0,8,0.0,114.0,0
117,0.0,114.0,0,3.0,6.0,0,3.0,50.0,8
118,3.0,50.0,8,0.0,114.0,0,2.0,25.0,8
119,2.0,25.0,8,3.0,50.0,8,0.0,31.0,0
120,-1.0,-4.0,0,0.0,31.0,0,0.0,31.0,0
121,0.0,31.0,0,-1.0,-4.0,0,0.0,31.0,0
122,140.0,0.0,0,51.0,0.0,0,-1.0,0.0,0
123,-1.0,0.0,0,140.0,0.0,0,95.0,0.0,8
124,95.0,0.0,8,-1.0,0.0,0,37.0,0.0,8
125,37.0,0.0,8,95.0,0.0,8,77.0,0.0,0
126,77.0,0.0,0,37.0,0.0,8,-5.0,0.0,8
127,-5.0,0.0,8,77.0,0.0,0,95.0,0.0,28
128,26.0,0.0,0,-1.0,0.0,8,-8.0,0.0,8
129,11.0,0.0,0,45.0,0.0,8,60.0,0.0,0
130,60.0,0.0,0,11.0,0.0,0,77.0,6.0,0
131,77.0,6.0,0,60.0,0.0,0,56.0,0.0,0
132,56.0,0.0,0,77.0,6.0,0,21.0,0.0,8
133,21.0,0.0,8,56.0,0.0,0,8.0,0.0,0
134,8.0,0.0,0,21.0,0.0,8,0.0,83.0,8
135,86.0,0.0,0,1.0,0.0,0,5.0,0.0,0
136,5.0,0.0,0,86.0,0.0,0,-2.0,0.0,0
137,-2.0,0.0,0,5.0,0.0,0,18.0,0.0,8
138,18.0,0.0,8,-2.0,0.0,0,14.0,0.0,0
139,14.0,0.0,0,18.0,0.0,8,-2.0,0.0,0
140,-2.0,0.0,0,14.0,0.0,0,48.0,0.0,0
141,8.0,0.0,8,-3.0,0.0,0,9.0,0.0,0
142,0.0,56.0,8,1.0,31.0,0,0.0,31.0,0
143,0.0,31.0,0,0.0,56.0,8,1.0,0.0,0
144,1.0,0.0,0,0.0,31.0,0,7.0,56.0,0
145,7.0,56.0,0,1.0,0.0,0,-3.0,27.0,0
146,-3.0,27.0,0,7.0,56.0,0,0.0,56.0,8
147,-2.0,0.0,0,87.0,0.0,0,1.0,0.0,0
148,1.0,0.0,0,-2.0,0.0,0,1.0,0.0,0
149,1.0,0.0,0,1.0,0.0,0,12.0,0.0,0
150,12.0,0.0,0,1.0,0.0,0,29.0,0.0,0
151,0.0,197.0,0,0.0,4.0,0,0.0,6.0,0
152,0.0,6.0,0,0.0,197.0,0,0.0,0.0,0
153,0.0,0.0,0,0.0,6.0,0,0.0,6.0,0
154,0.0,85.0,0,0.0,31.0,0,1.0,27.0,0
155,1.0,27.0,0,0.0,85.0,0,0.0,54.0,0
156,0.0,54.0,0,1.0,27.0,0,0.0,114.0,0
157,32.0,0.0,0,16.0,0.0,8,24.0,0.0,0
158,-2.0,0.0,8,73.0,0.0,0,56.0,0.0,0
159,56.0,0.0,0,-2.0,0.0,8,74.0,0.0,0
160,47.0,0.0,0,1.0,0.0,0,117.0,0.0,0
161,117.0,0.0,0,47.0,0.0,0,42.0,0.0,8
162,42.0,0.0,8,117.0,0.0,0,6.0,0.0,0
163,6.0,0.0,0,42.0,0.0,8,10.0,0.0,0
164,37.0,0.0,0,9.0,0.0,16,71.0,0.0,20
165,71.0,0.0,20,37.0,0.0,0,81.0,0.0,0
166,81.0,0.0,0,71.0,0.0,20,16.0,0.0,12
167,16.0,0.0,12,81.0,0.0,0,-3.0,0.0,0
168,9.0,0.0,0,2.0,0.0,0,-2.0,0.0,0
169,-2.0,0.0,0,9.0,0.0,0,23.0,0.0,0
170,23.0,0.0,0,-2.0,0.0,0,48.0,0.0,0
171,24.0,85.0,0,14.0,85.0,0,12.0,6.0,0
172,12.0,6.0,0,24.0,85.0,0,8.0,0.0,0
173,8.0,0.0,0,12.0,6.0,0,99.0,29.0,0
174,99.0,29.0,0,8.0,0.0,0,79.0,2.0,0
175,6.0,0.0,0,23.0,0.0,0,7.0,0.0,0
176,7.0,0.0,0,6.0,0.0,0,0.0,0.0,0
177,0.0,0.0,0,7.0,0.0,0,21.0,6.0,0
178,21.0,6.0,0,0.0,0.0,0,28.0,0.0,0
179,48.0,2.0,0,86.0,56.0,8,2.0,147.0,0
180,2.0,147.0,0,48.0,2.0,0,0.0,6.0,8
181,0.0,6.0,8,2.0,147.0,0,0.0,2.0,8
182,0.0,-4.0,0,27.0,83.0,0,0.0,56.0,0
183,0.0,56.0,0,0.0,-4.0,0,0.0,112.0,0
184,42.0,0.0,0,12.0,-6.0,8,0.0,0.0,8
185,9.0,85.0,0,6.0,29.0,8,42.0,31.0,0
186,56.0,31.0,8,37.0,56.0,8,2.0,31.0,0
187,-2.0,4.0,8,30.0,31.0,0,8.0,6.0,0
188,1.0,56.0,0,-4.0,31.0,0,0.0,31.0,0
189,-2.0,29.0,0,-1.0,31.0,0,0.0,25.0,0
190,0.0,6.0,0,0.0,29.0,0,0.0,29.0,0
191,0.0,29.0,0,0.0,6.0,0,0.0,25.0,0
192,0.0,25.0,0,0.0,29.0,0,0.0,2.0,0
193,0.0,2.0,0,0.0,25.0,0,0.0,83.0,0
194,87.0,4.0,0,79.0,0.0,16,53.0,0.0,0
195,16.0,0.0,8,26.0,0.0,0,24.0,0.0,0
196,8.0,0.0,0,27.0,0.0,0,10.0,0.0,0
197,25.0,0.0,0,48.0,2.0,8,0.0,2.0,8
198,0.0,2.0,8,25.0,0.0,0,41.0,0.0,0
199,41.0,0.0,0,0.0,2.0,8,9.0,0.0,0
200,0.0,52.0,8,1.0,172.0,0,0.0,29.0,0
201,16.0,0.0,0,16.0,0.0,0,48.0,0.0,0
202,48.0,0.0,0,16.0,0.0,0,33.0,0.0,0
203,12.0,0.0,0,-3.0,0.0,0,47.0,0.0,0
204,47.0,0.0,0,12.0,0.0,0,26.0,0.0,20
205,97.0,56.0,0,-2.0,0.0,8,-2.0,2.0,0
206,-2.0,2.0,0,97.0,56.0,0,23.0,0.0,0
207,14.0,31.0,16,6.0,6.0,0,8.0,85.0,0
208,8.0,85.0,0,14.0,31.0,16,-2.0,31.0,0
209,12.0,31.0,0,30.0,31.0,0,53.0,2.0,0
210,-2.0,0.0,0,-1.0,0.0,8,2.0,0.0,0
211,2.0,0.0,0,-2.0,0.0,0,5.0,0.0,0
212,8.0,31.0,0,16.0,2.0,0,3.0,56.0,0
213,3.0,56.0,0,8.0,31.0,0,16.0,2.0,0
214,0.0,85.0,0,40.0,2.0,0,-2.0,6.0,8
215,-2.0,6.0,8,0.0,85.0,0,-4.0,31.0,8
216,9.0,31.0,8,1.0,52.0,0,-2.0,2.0,0
217,-2.0,2.0,0,9.0,31.0,8,4.0,29.0,0
218,2.0,2.0,8,13.0,56.0,0,2.0,31.0,0
219,0.0,0.0,0,0.0,56.0,0,-2.0,25.0,0
220,26.0,6.0,0,0.0,85.0,8,-1.0,114.0,0
221,-1.0,114.0,0,26.0,6.0,0,17.0,31.0,0
222,4.0,6.0,0,11.0,2.0,0,12.0,0.0,8
223,12.0,0.0,8,4.0,6.0,0,37.0,0.0,0
224,3.0,4.0,8,4.0,56.0,8,32.0,56.0,0
225,32.0,56.0,0,3.0,4.0,8,41.0,31.0,0
226,6.0,56.0,0,25.0,6.0,8,30.0,4.0,0
227,30.0,4.0,0,6.0,56.0,0,2.0,56.0,0
228,0.0,31.0,0,0.0,85.0,0,0.0,29.0,0
229,0.0,29.0,0,0.0,31.0,0,5.0,4.0,8
230,3.0,29.0,0,0.0,27.0,0,0.0,56.0,0
231,0.0,56.0,0,3.0,29.0,0,0.0,54.0,0
232,31.0,0.0,12,-2.0,0.0,12,18.0,0.0,16
233,18.0,0.0,16,31.0,0.0,12,-2.0,0.0,8
234,82.0,0.0,8,2.0,0.0,0,37.0,0.0,8
235,37.0,0.0,8,82.0,0.0,8,9.0,0.0,0
236,-5.0,147.0,0,2.0,0.0,0,3.0,4.0,0
237,3.0,4.0,0,-5.0,147.0,0,31.0,85.0,8
238,19.0,0.0,8,75.0,0.0,0,6.0,0.0,0
239,6.0,0.0,0,19.0,0.0,8,11.0,0.0,0
240,-2.0,25.0,8,89.0,31.0,0,50.0,0.0,0
241,50.0,0.0,0,-2.0,25.0,8,128.0,114.0,0
242,21.0,0.0,0,-2.0,0.0,0,0.0,0.0,0
243,0.0,0.0,0,21.0,0.0,0,18.0,0.0,8
244,102.0,31.0,0,22.0,85.0,0,11.0,6.0,0
245,11.0,6.0,0,102.0,31.0,0,14.0,2.0,0
246,14.0,2.0,0,11.0,6.0,0,9.0,31.0,0
247,9.0,31.0,0,14.0,2.0,0,1.0,0.0,0
248,9.0,0.0,0,6.0,56.0,8,36.0,54.0,0
249,36.0,54.0,0,9.0,0.0,0,1.0,2.0,0
250,1.0,2.0,0,36.0,54.0,0,18.0,29.0,8
251,18.0,29.0,8,1.0,2.0,0,1.0,0.0,0
252,1.0,0.0,0,18.0,29.0,8,4.0,6.0,0
253,3.0,0.0,0,15.0,0.0,0,26.0,0.0,0
254,26.0,0.0,0,42.0,0.0,0,1.0,0.0,0
255,16.0,6.0,0,21.0,85.0,0,12.0,6.0,0
256,12.0,6.0,0,16.0,6.0,0,17.0,0.0,0
257,17.0,0.0,0,12.0,6.0,0,4.0,31.0,0
258,4.0,31.0,0,17.0,0.0,0,45.0,56.0,8
259,45.0,56.0,8,4.0,31.0,0,92.0,31.0,0
260,92.0,31.0,0,45.0,56.0,8,2.0,0.0,8
261,2.0,0.0,8,92.0,31.0,0,18.0,4.0,0
262,2.0,0.0,8,-2.0,0.0,12,6.0,0.0,0
263,6.0,0.0,0,2.0,0.0,8,4.0,0.0,24
264,-2.0,31.0,0,-2.0,56.0,0,3.0,6.0,0
265,3.0,6.0,0,-2.0,31.0,0,0.0,2.0,0
266,0.0,31.0,0,0.0,29.0,0,0.0,85.0,0
267,0.0,85.0,0,0.0,31.0,0,2.0,56.0,0
268,2.0,56.0,0,0.0,85.0,0,0.0,114.0,0
269,0.0,114.0,0,2.0,56.0,0,1.0,0.0,0
270,1.0,0.0,0,0.0,114.0,0,1.0,6.0,0
271,1.0,6.0,0,1.0,0.0,0,-2.0,56.0,0
272,1.0,31.0,0,0.0,6.0,0,0.0,29.0,8
273,0.0,0.0,0,3.0,54.0,0,0.0,85.0,8
274,-4.0,6.0,0,0.0,6.0,0,3.0,31.0,8
275,20.0,0.0,0,-2.0,0.0,0,0.0,0.0,0
276,5.0,0.0,0,2.0,0.0,0,132.0,0.0,0
277,62.0,85.0,0,26.0,29.0,0,-2.0,4.0,8
278,59.0,0.0,0,132.0,0.0,0,21.0,0.0,8
279,8.0,6.0,0,64.0,56.0,8,17.0,112.0,0
280,0.0,56.0,0,1.0,4.0,0,18.0,31.0,0
281,0.0,85.0,0,-2.0,56.0,16,3.0,31.0,8
282,12.0,29.0,0,-2.0,4.0,28,94.0,56.0,0
283,94.0,56.0,0,12.0,29.0,0,11.0,29.0,0
284,11.0,29.0,0,94.0,56.0,0,-3.0,6.0,0
285,-3.0,6.0,0,11.0,29.0,0,152.0,85.0,8
286,152.0,85.0,8,-3.0,6.0,0,-2.0,6.0,0
287,-2.0,6.0,0,152.0,85.0,8,5.0,83.0,0
288,5.0,83.0,0,-2.0,6.0,0,32.0,56.0,0
289,6.0,27.0,0,-2.0,52.0,0,1.0,83.0,8
290,1.0,83.0,8,6.0,27.0,0,39.0,0.0,0
291,39.0,0.0,0,1.0,83.0,8,8.0,56.0,0
292,-2.0,0.0,0,1.0,25.0,0,22.0,2.0,8
293,22.0,2.0,8,-2.0,0.0,0,14.0,2.0,8
294,14.0,2.0,8,22.0,2.0,8,-2.0,27.0,0
295,-2.0,25.0,8,2.0,27.0,0,1.0,6.0,8
296,1.0,6.0,8,-2.0,25.0,8,0.0,56.0,0
297,0.0,56.0,0,1.0,6.0,8,3.0,4.0,8
298,0.0,4.0,0,5.0,25.0,8,0.0,56.0,0
299,0.0,50.0,0,4.0,52.0,0,3.0,27.0,0
300,3.0,27.0,0,0.0,50.0,0,0.0,31.0,8
301,0.0,31.0,8,3.0,27.0,0,11.0,31.0,0
302,11.0,31.0,0,0.0,31.0,8,0.0,2.0,0
303,-2.0,0.0,0,-4.0,0.0,0,35.0,0.0,8
304,90.0,0.0,8,-2.0,0.0,8,4.0,0.0,0
305,4.0,0.0,0,90.0,0.0,8,4.0,0.0,8
306,20.0,0.0,20,2.0,0.0,0,46.0,0.0,0
307,46.0,0.0,0,20.0,0.0,20,82.0,0.0,0
308,82.0,0.0,0,46.0,0.0,0,-2.0,0.0,0
309,-2.0,0.0,0,82.0,0.0,0,50.0,0.0,8
310,22.0,0.0,16,1.0,0.0,0,37.0,0.0,0
311,37.0,0.0,0,22.0,0.0,16,95.0,0.0,0
312,95.0,0.0,0,37.0,0.0,0,14.0,0.0,0
313,14.0,0.0,0,95.0,0.0,0,4.0,0.0,8
314,-3.0,0.0,0,-1.0,0.0,0,-2.0,0.0,0
315,-2.0,0.0,0,-3.0,0.0,0,65.0,0.0,0
316,65.0,0.0,0,-2.0,0.0,0,3.0,0.0,0
317,3.0,0.0,0,65.0,0.0,0,19.0,0.0,0
318,0.0,147.0,0,-2.0,25.0,0,-2.0,25.0,0
319,-2.0,25.0,0,0.0,147.0,0,0.0,31.0,16
320,0.0,31.0,16,-2.0,25.0,0,9.0,4.0,0
321,1.0,0.0,0,10.0,0.0,0,-2.0,6.0,8
322,-2.0,6.0,8,1.0,0.0,0,-8.0,0.0,0
323,-8.0,0.0,0,-2.0,6.0,8,44.0,0.0,8
324,44.0,0.0,8,-8.0,0.0,0,43.0,0.0,0
325,43.0,0.0,0,44.0,0.0,8,80.0,0.0,0
326,80.0,0.0,0,43.0,0.0,0,10.0,0.0,0
327,23.0,0.0,0,23.0,0.0,0,2.0,-4.0,0
328,2.0,-4.0,0,23.0,0.0,0,3.0,0.0,0
329,-2.0,0.0,0,8.0,0.0,8,25.0,0.0,0
330,35.0,6.0,0,22.0,0.0,0,113.0,31.0,8
331,113.0,31.0,8,35.0,6.0,0,10.0,56.0,8
332,10.0,56.0,8,113.0,31.0,8,-2.0,56.0,8
333,-2.0,56.0,8,10.0,56.0,8,5.0,31.0,8
334,5.0,31.0,8,-2.0,56.0,8,94.0,31.0,0
335,94.0,31.0,0,5.0,31.0,8,-2.0,4.0,0
336,1.0,0.0,0,100.0,0.0,0,75.0,0.0,8
337,75.0,0.0,8,1.0,0.0,0,14.0,0.0,8
338,14.0,0.0,8,75.0,0.0,8,-2.0,31.0,16
339,-2.0,31.0,16,14.0,0.0,8,5.0,0.0,8
340,5.0,0.0,8,-2.0,31.0,16,16.0,6.0,0
341,16.0,6.0,0,5.0,0.0,8,6.0,0.0,0
342,79.0,0.0,0,4.0,0.0,16,3.0,0.0,16
343,3.0,0.0,16,79.0,0.0,0,2.0,0.0,8
344,2.0,0.0,8,3.0,0.0,16,53.0,0.0,28
345,53.0,0.0,28,2.0,0.0,8,39.0,0.0,8
346,39.0,0.0,8,53.0,0.0,28,1.0,0.0,20
347,1.0,0.0,20,39.0,0.0,8,82.0,0.0,36
348,21.0,85.0,0,20.0,31.0,0,28.0,31.0,0
349,28.0,31.0,0,21.0,85.0,0,0.0,29.0,8
350,0.0,29.0,8,28.0,31.0,0,8.0,4.0,0
351,8.0,4.0,0,0.0,29.0,8,0.0,31.0,0
352,0.0,31.0,0,8.0,4.0,0,8.0,31.0,0
353,8.0,31.0,0,0.0,31.0,0,5.0,85.0,0
354,14.0,31.0,8,40.0,147.0,0,56.0,112.0,0
355,56.0,112.0,0,14.0,31.0,8,0.0,56.0,0
356,0.0,56.0,0,56.0,112.0,0,16.0,56.0,0
357,16.0,56.0,0,0.0,56.0,0,0.0,0.0,0
358,0.0,0.0,0,16.0,56.0,0,72.0,25.0,0
359,72.0,25.0,0,0.0,0.0,0,2.0,27.0,0
360,9.0,6.0,0,12.0,6.0,0,-2.0,56.0,8
361,-2.0,56.0,8,9.0,6.0,0,0.0,85.0,0
362,0.0,85.0,0,-2.0,56.0,8,5.0,114.0,0
363,5.0,114.0,0,0.0,85.0,0,0.0,56.0,8
364,0.0,56.0,8,5.0,114.0,0,12.0,0.0,0
365,12.0,0.0,0,0.0,56.0,8,4.0,56.0,0
366,-2.0,4.0,0,57.0,31.0,8,7.0,6.0,16
367,7.0,6.0,16,-2.0,4.0,0,43.0,0.0,0
368,43.0,0.0,0,7.0,6.0,16,15.0,0.0,0
369,21.0,29.0,8,3.0,6.0,8,10.0,54.0,16
370,10.0,54.0,16,21.0,29.0,8,19.0,19.0,0
371,8.0,0.0,0,0.0,114.0,0,23.0,31.0,8
372,23.0,31.0,8,8.0,0.0,0,0.0,114.0,0
373,2.0,31.0,0,0.0,31.0,0,0.0,56.0,0
374,0.0,56.0,0,2.0,31.0,0,4.0,31.0,8
375,4.0,31.0,8,0.0,56.0,0,-4.0,29.0,0
376,3.0,147.0,0,0.0,85.0,0,0.0,56.0,0
377,0.0,56.0,0,3.0,147.0,0,2.0,85.0,0
378,2.0,85.0,0,0.0,56.0,0,3.0,54.0,0
379,-2.0,85.0,0,0.0,31.0,0,0.0,83.0,8
380,0.0,83.0,8,-2.0,85.0,0,1.0,31.0,0
381,19.0,0.0,8,93.0,0.0,8,59.0,0.0,0
382,59.0,0.0,0,19.0,0.0,8,89.0,0.0,0
383,89.0,0.0,0,59.0,0.0,0,15.0,2.0,0
384,30.0,4.0,0,25.0,0.0,0,71.0,0.0,0
385,71.0,0.0,0,30.0,4.0,0,20.0,0.0,0
386,20.0,0.0,0,71.0,0.0,0,2.0,0.0,0
387,83.0,0.0,16,1.0,0.0,0,79.0,0.0,0
388,79.0,0.0,0,83.0,0.0,16,2.0,0.0,16
389,2.0,0.0,16,79.0,0.0,0,64.0,0.0,20
390,38.0,0.0,8,0.0,0.0,8,5.0,0.0,0
391,5.0,0.0,0,38.0,0.0,8,31.0,0.0,0
392,31.0,0.0,0,5.0,0.0,0,-4.0,0.0,0
393,-2.0,31.0,0,-2.0,31.0,0,28.0,31.0,0
394,4.0,0.0,8,3.0,0.0,0,48.0,0.0,0
395,48.0,0.0,0,4.0,0.0,8,-3.0,0.0,16
396,-3.0,0.0,16,48.0,0.0,0,47.0,0.0,36
397,47.0,0.0,36,-3.0,0.0,16,78.0,0.0,0
398,78.0,0.0,0,47.0,0.0,36,89.0,0.0,16
399,89.0,0.0,16,78.0,0.0,0,59.0,0.0,48
400,38.0,0.0,0,89.0,0.0,16,75.0,0.0,8
401,75.0,0.0,8,38.0,0.0,0,-2.0,0.0,0
402,-2.0,0.0,0,75.0,0.0,8,84.0,0.0,0
403,84.0,0.0,0,-2.0,0.0,0,67.0,0.0,8
404,67.0,0.0,8,84.0,0.0,0,154.0,0.0,0
405,154.0,0.0,0,67.0,0.0,8,28.0,0.0,0
406,28.0,0.0,0,154.0,0.0,0,82.0,0.0,0
407,82.0,0.0,0,28.0,0.0,0,-2.0,0.0,0
408,-2.0,0.0,0,82.0,0.0,0,1.0,0.0,8
409,10.0,0.0,8,55.0,0.0,0,12.0,0.0,8
410,12.0,0.0,8,10.0,0.0,8,63.0,0.0,0
411,63.0,0.0,0,12.0,0.0,8,33.0,0.0,0
412,97.0,2.0,8,-2.0,56.0,0,5.0,0.0,0
413,5.0,0.0,0,97.0,2.0,8,83.0,56.0,0
414,83.0,56.0,0,5.0,0.0,0,6.0,31.0,8
415,6.0,31.0,8,83.0,56.0,0,0.0,56.0,8
416,0.0,56.0,8,6.0,31.0,8,-2.0,0.0,16
417,-2.0,0.0,16,0.0,56.0,8,60.0,0.0,0
418,60.0,0.0,0,-2.0,0.0,16,-1.0,0.0,0
419,-1.0,0.0,0,60.0,0.0,0,199.0,31.0,0
420,140.0,0.0,16,20.0,0.0,0,22.0,0.0,0
421,22.0,0.0,0,140.0,0.0,16,18.0,0.0,8
422,18.0,0.0,8,22.0,0.0,0,9.0,0.0,0
423,9.0,0.0,0,18.0,0.0,8,71.0,0.0,8
424,71.0,0.0,8,9.0,0.0,0,10.0,0.0,8
425,10.0,0.0,8,71.0,0.0,8,5.0,0.0,0
426,5.0,0.0,0,10.0,0.0,8,-2.0,0.0,0
427,-2.0,0.0,0,5.0,0.0,0,13.0,0.0,0
428,50.0,0.0,0,13.0,0.0,8,83.0,0.0,0
429,83.0,0.0,0,50.0,0.0,0,6.0,0.0,0
430,6.0,0.0,0,83.0,0.0,0,102.0,56.0,0
431,102.0,56.0,0,6.0,0.0,0,53.0,29.0,0
432,53.0,29.0,0,102.0,56.0,0,89.0,0.0,0
433,32.0,29.0,8,0.0,112.0,0,16.0,0.0,8
434,16.0,0.0,8,32.0,29.0,8,6.0,56.0,0
435,6.0,56.0,0,16.0,0.0,8,-2.0,4.0,0
436,-2.0,4.0,0,6.0,56.0,0,0.0,50.0,8
437,0.0,50.0,8,-2.0,4.0,0,7.0,114.0,0
438,7.0,114.0,0,0.0,50.0,8,3.0,54.0,0
439,3.0,54.0,0,7.0,114.0,0,74.0,2.0,0
440,74.0,2.0,0,3.0,54.0,0,0.0,27.0,0
441,75.0,31.0,8,0.0,31.0,0,-5.0,6.0,0
442,-5.0,6.0,0,75.0,31.0,8,25.0,56.0,8
443,25.0,56.0,8,-5.0,6.0,0,17.0,6.0,0
444,17.0,6.0,0,25.0,56.0,8,0.0,6.0,0
445,0.0,6.0,0,17.0,6.0,0,0.0,29.0,0
446,0.0,29.0,0,0.0,6.0,0,2.0,56.0,0
447,2.0,56.0,0,0.0,29.0,0,78.0,31.0,8
448,78.0,31.0,8,2.0,56.0,0,25.0,6.0,0
449,0.0,31.0,0,0.0,31.0,0,0.0,112.0,0
450,0.0,112.0,0,0.0,31.0,0,-2.0,4.0,0
451,-2.0,4.0,0,0.0,112.0,0,18.0,56.0,8
452,18.0,56.0,8,-2.0,4.0,0,2.0,31.0,0
453,2.0,31.0,0,18.0,56.0,8,0.0,56.0,0
454,0.0,56.0,0,2.0,31.0,0,0.0,85.0,0
455,0.0,85.0,0,0.0,56.0,0,0.0,29.0,0
456,0.0,29.0,0,0.0,85.0,0,0.0,56.0,8
457,0.0,56.0,8,0.0,29.0,0,16.0,2.0,0
458,16.0,2.0,0,0.0,56.0,8,0.0,85.0,0
459,0.0,0.0,0,0.0,31.0,0,13.0,27.0,8
460,13.0,27.0,8,0.0,0.0,0,1.0,31.0,0
461,1.0,31.0,0,13.0,27.0,8,1.0,50.0,0
462,1.0,50.0,0,1.0,31.0,0,0.0,114.0,0
463,0.0,114.0,0,1.0,50.0,0,0.0,54.0,8
464,0.0,54.0,8,0.0,114.0,0,3.0,56.0,0
465,3.0,56.0,0,0.0,54.0,8,0.0,29.0,8
466,0.0,29.0,8,3.0,56.0,0,-2.0,0.0,0
467,-2.0,0.0,0,0.0,29.0,8,0.0,52.0,8
468,0.0,29.0,0,0.0,56.0,0,2.0,29.0,0
469,2.0,29.0,0,0.0,29.0,0,0.0,4.0,0
470,0.0,29.0,8,0.0,27.0,0,0.0,-4.0,0
471,7.0,0.0,0,20.0,0.0,0,-2.0,0.0,0
472,5.0,81.0,0,16.0,0.0,0,14.0,6.0,0
473,14.0,6.0,0,5.0,81.0,0,21.0,114.0,0
474,21.0,114.0,0,14.0,6.0,0,1.0,56.0,8
475,1.0,56.0,8,21.0,114.0,0,0.0,29.0,0
476,0.0,29.0,0,1.0,56.0,8,0.0,0.0,0
477,0.0,0.0,0,0.0,29.0,0,0.0,54.0,0
478,0.0,31.0,8,21.0,0.0,0,15.0,0.0,0
479,15.0,0.0,0,0.0,31.0,8,48.0,27.0,8
480,48.0,27.0,8,15.0,0.0,0,-4.0,2.0,0
481,-4.0,2.0,0,48.0,27.0,8,22.0,114.0,0
482,22.0,114.0,0,-4.0,2.0,0,9.0,85.0,0
483,9.0,85.0,0,22.0,114.0,0,65.0,29.0,8
484,0.0,85.0,0,9.0,2.0,0,6.0,56.0,0
485,6.0,56.0,0,0.0,85.0,0,0.0,31.0,8
486,0.0,31.0,8,-2.0,2.0,0,3.0,0.0,0
487,3.0,0.0,0,0.0,31.0,8,0.0,29.0,0
488,0.0,29.0,0,3.0,0.0,0,0.0,31.0,0
489,0.0,31.0,0,0.0,29.0,0,-2.0,31.0,8
490,17.0,0.0,0,87.0,0.0,0,12.0,0.0,0
491,12.0,0.0,0,17.0,0.0,0,-1.0,0.0,0
492,-1.0,0.0,0,12.0,0.0,0,23.0,0.0,8
493,23.0,0.0,8,-1.0,0.0,0,-2.0,0.0,0
494,-2.0,0.0,0,23.0,0.0,8,26.0,0.0,0
495,16.0,0.0,0,18.0,0.0,0,54.0,0.0,8
496,54.0,0.0,8,16.0,0.0,0,13.0,0.0,8
497,13.0,0.0,8,54.0,0.0,8,6.0,0.0,0
498,6.0,0.0,0,13.0,0.0,8,-2.0,0.0,8
499,-2.0,0.0,8,6.0,0.0,0,41.0,0.0,0
500,41.0,0.0,0,-2.0,0.0,8,130.0,0.0,8
501,26.0,0.0,0,6.0,0.0,0,40.0,0.0,0
502,40.0,0.0,0,26.0,0.0,0,-2.0,0.0,8
503,-2.0,0.0,8,40.0,0.0,0,-2.0,0.0,8
504,-2.0,0.0,8,-2.0,0.0,8,71.0,0.0,0
505,71.0,0.0,0,-2.0,0.0,8,1.0,0.0,8
506,1.0,0.0,8,71.0,0.0,0,61.0,0.0,8
507,3.0,25.0,0,86.0,56.0,0,32.0,0.0,8
508,5.0,0.0,16,-2.0,0.0,8,38.0,0.0,12
509,38.0,0.0,12,5.0,0.0,16,81.0,0.0,0
510,81.0,0.0,0,38.0,0.0,12,12.0,0.0,8
511,17.0,0.0,0,1.0,29.0,0,3.0,83.0,8
512,3.0,83.0,8,17.0,0.0,0,0.0,0.0,0
513,0.0,0.0,0,3.0,83.0,8,3.0,29.0,0
514,0.0,172.0,8,2.0,6.0,0,0.0,56.0,0
515,0.0,56.0,0,0.0,172.0,8,0.0,31.0,0
516,0.0,31.0,0,0.0,56.0,0,-2.0,2.0,0
517,-2.0,0.0,0,15.0,0.0,8,19.0,0.0,0
518,19.0,0.0,0,-2.0,0.0,0,25.0,0.0,0
519,25.0,0.0,0,19.0,0.0,0,64.0,0.0,8
520,64.0,0.0,8,25.0,0.0,0,19.0,0.0,0
521,19.0,0.0,0,64.0,0.0,8,75.0,0.0,8
522,9.0,0.0,0,42.0,0.0,0,114.0,0.0,0
523,114.0,0.0,0,9.0,0.0,0,79.0,0.0,0
524,79.0,0.0,0,114.0,0.0,0,140.0,0.0,0
525,103.0,27.0,8,-2.0,0.0,0,79.0,6.0,0
526,79.0,6.0,0,103.0,27.0,8,11.0,0.0,8
527,11.0,0.0,8,79.0,6.0,0,-2.0,-6.0,0
528,-2.0,-6.0,0,11.0,0.0,8,22.0,0.0,8
529,22.0,0.0,8,-2.0,-6.0,0,13.0,0.0,0
530,143.0,0.0,0,5.0,0.0,0,51.0,0.0,0
531,51.0,0.0,0,143.0,0.0,0,112.0,0.0,0
532,112.0,0.0,0,51.0,0.0,0,99.0,0.0,0
533,1.0,0.0,16,63.0,0.0,8,27.0,0.0,0
534,27.0,0.0,0,1.0,0.0,16,50.0,0.0,16
535,50.0,0.0,16,27.0,0.0,0,6.0,0.0,8
536,49.0,25.0,0,-2.0,-4.0,8,14.0,25.0,0
537,14.0,25.0,0,49.0,25.0,0,93.0,0.0,16
538,93.0,0.0,16,14.0,25.0,0,-2.0,0.0,0
539,-2.0,0.0,0,93.0,0.0,16,59.0,29.0,0
540,59.0,29.0,0,-2.0,0.0,0,165.0,25.0,8
541,0.0,27.0,0,29.0,52.0,8,44.0,27.0,0
542,44.0,27.0,0,0.0,27.0,0,12.0,0.0,0
543,12.0,0.0,0,44.0,27.0,0,7.0,0.0,0
544,7.0,0.0,0,12.0,0.0,0,30.0,-4.0,8
545,30.0,-4.0,8,7.0,0.0,0,71.0,2.0,0
546,0.0,29.0,16,26.0,79.0,0,2.0,0.0,8
547,2.0,0.0,8,0.0,29.0,16,0.0,81.0,0
548,0.0,81.0,0,2.0,0.0,8,5.0,25.0,0
549,5.0,0.0,0,0.0,52.0,0,0.0,56.0,0
550,0.0,56.0,0,5.0,0.0,0,8.0,6.0,0
551,8.0,6.0,0,0.0,56.0,0,0.0,31.0,8
552,0.0,4.0,0,1.0,56.0,16,13.0,27.0,0
553,13.0,27.0,0,0.0,4.0,0,0.0,114.0,0
554,0.0,114.0,0,13.0,27.0,0,0.0,27.0,0
555,0.0,4.0,8,31.0,56.0,0,-2.0,4.0,0
556,-2.0,4.0,0,0.0,4.0,8,0.0,31.0,0
557,0.0,31.0,0,-2.0,4.0,0,44.0,6.0,0
558,44.0,6.0,0,0.0,31.0,0,17.0,25.0,0
559,17.0,25.0,0,44.0,6.0,0,0.0,52.0,0
560,200.0,52.0,0,37.0,0.0,0,48.0,0.0,0
561,48.0,0.0,0,200.0,52.0,0,43.0,114.0,0
562,-2.0,0.0,0,18.0,0.0,0,96.0,81.0,16
563,96.0,81.0,16,-2.0,0.0,0,-2.0,-2.0,16
564,17.0,-4.0,8,35.0,0.0,8,0.0,27.0,0
565,0.0,27.0,0,17.0,-4.0,8,87.0,6.0,0
566,59.0,4.0,0,26.0,56.0,8,0.0,6.0,0
567,0.0,6.0,0,59.0,4.0,0,0.0,50.0,0
568,0.0,-2.0,0,2.0,2.0,8,6.0,0.0,8
569,0.0,85.0,0,3.0,29.0,0,-2.0,50.0,0
570,-2.0,50.0,0,0.0,85.0,0,0.0,50.0,0
571,26.0,0.0,0,80.0,0.0,0,12.0,0.0,0
572,12.0,0.0,0,26.0,0.0,0,32.0,27.0,0
573,73.0,0.0,0,5.0,0.0,8,42.0,0.0,8
574,42.0,0.0,8,73.0,0.0,0,6.0,0.0,0
575,6.0,0.0,0,42.0,0.0,8,46.0,0.0,0
576,95.0,0.0,0,96.0,0.0,16,9.0,0.0,0
577,39.0,4.0,16,9.0,56.0,0,2.0,23.0,8
578,2.0,23.0,8,39.0,4.0,16,0.0,56.0,8
579,0.0,50.0,0,-2.0,83.0,8,3.0,0.0,0
580,3.0,0.0,0,0.0,50.0,0,0.0,0.0,0
581,0.0,4.0,0,-1.0,52.0,0,-2.0,29.0,8
582,-2.0,29.0,8,0.0,4.0,0,0.0,4.0,8
583,15.0,0.0,8,14.0,0.0,0,1.0,0.0,8
584,1.0,0.0,8,15.0,0.0,8,10.0,0.0,0
585,30.0,0.0,0,40.0,0.0,0,10.0,0.0,0
586,10.0,0.0,0,30.0,0.0,0,13.0,0.0,0
587,87.0,4.0,8,22.0,29.0,0,2.0,27.0,0
588,27.0,0.0,0,6.0,0.0,0,15.0,0.0,8
589,15.0,0.0,8,27.0,0.0,0,-2.0,0.0,0
590,-2.0,0.0,0,15.0,0.0,8,97.0,0.0,8
591,97.0,0.0,8,-2.0,0.0,0,144.0,0.0,0
592,48.0,0.0,0,2.0,0.0,12,12.0,0.0,0
593,12.0,0.0,0,48.0,0.0,0,80.0,0.0,0
594,0.0,-2.0,0,2.0,0.0,0,65.0,6.0,0
595,65.0,6.0,0,0.0,-2.0,0,10.0,31.0,0
596,10.0,31.0,0,65.0,6.0,0,52.0,25.0,0
597,27.0,56.0,0,0.0,56.0,0,-2.0,-2.0,0
598,-2.0,-2.0,0,27.0,56.0,0,1.0,0.0,0
599,1.0,0.0,0,-2.0,-2.0,0,4.0,31.0,0
600,0.0,31.0,0,-2.0,6.0,0,8.0,4.0,0
601,8.0,4.0,0,0.0,31.0,0,12.0,56.0,0
602,12.0,56.0,0,8.0,4.0,0,30.0,56.0,0
603,30.0,56.0,0,12.0,56.0,0,0.0,52.0,0
604,0.0,56.0,0,3.0,29.0,0,5.0,0.0,0
605,5.0,0.0,0,0.0,56.0,0,-2.0,31.0,0
606,-2.0,31.0,0,5.0,0.0,0,23.0,54.0,0
607,23.0,54.0,0,-2.0,31.0,0,0.0,54.0,8
608,2.0,0.0,0,117.0,29.0,0,27.0,6.0,0
609,-2.0,4.0,0,0.0,114.0,0,0.0,6.0,0
610,49.0,29.0,0,0.0,6.0,0,0.0,85.0,0
611,112.0,6.0,0,137.0,0.0,0,-2.0,0.0,0
612,1.0,0.0,0,60.0,0.0,0,2.0,0.0,0
613,25.0,0.0,0,48.0,0.0,8,5.0,0.0,0
614,5.0,0.0,0,25.0,0.0,0,45.0,0.0,0
615,15.0,4.0,8,70.0,108.0,8,63.0,23.0,0
616,0.0,6.0,0,0.0,56.0,0,0.0,52.0,0
617,0.0,52.0,0,0.0,6.0,0,5.0,52.0,0
618,5.0,52.0,0,0.0,52.0,0,0.0,56.0,0
619,0.0,56.0,0,5.0,52.0,0,0.0,114.0,0
620,0.0,114.0,0,0.0,56.0,0,0.0,6.0,0
621,0.0,6.0,0,0.0,114.0,0,0.0,85.0,0
622,24.0,0.0,0,46.0,0.0,0,4.0,0.0,0
623,97.0,0.0,0,72.0,0.0,8,7.0,0.0,8
624,7.0,0.0,8,97.0,0.0,0,8.0,0.0,0
625,8.0,0.0,0,7.0,0.0,8,89.0,0.0,8
626,89.0,0.0,8,8.0,0.0,0,-2.0,0.0,0
627,-2.0,0.0,0,89.0,0.0,8,140.0,0.0,0
628,-2.0,0.0,0,38.0,0.0,8,1.0,0.0,0
629,1.0,0.0,0,-2.0,0.0,0,41.0,0.0,0
630,41.0,0.0,0,1.0,0.0,0,13.0,0.0,0
631,1.0,0.0,0,20.0,0.0,0,21.0,0.0,0
632,21.0,0.0,0,1.0,0.0,0,56.0,0.0,8
633,56.0,0.0,8,21.0,0.0,0,2.0,0.0,0
634,2.0,0.0,0,56.0,0.0,8,15.0,0.0,0
635,41.0,0.0,8,40.0,0.0,0,-2.0,0.0,0
636,37.0,27.0,0,123.0,31.0,0,14.0,29.0,0
637,14.0,29.0,0,37.0,27.0,0,3.0,6.0,0
638,3.0,6.0,0,14.0,29.0,0,-4.0,0.0,0
639,-4.0,0.0,0,3.0,6.0,0,4.0,0.0,0
640,3.0,0.0,0,5.0,0.0,0,103.0,0.0,0
641,103.0,0.0,0,3.0,0.0,0,-2.0,0.0,0
642,-2.0,0.0,0,103.0,0.0,0,35.0,0.0,0
643,35.0,0.0,0,-2.0,0.0,0,69.0,0.0,8
644,12.0,31.0,0,7.0,29.0,0,-2.0,6.0,0
645,-2.0,6.0,0,12.0,31.0,0,4.0,56.0,8
646,16.0,31.0,0,97.0,31.0,16,6.0,2.0,8
647,6.0,2.0,8,16.0,31.0,0,1.0,31.0,0
648,1.0,31.0,0,6.0,2.0,8,-2.0,0.0,0
649,-2.0,0.0,0,1.0,31.0,0,69.0,0.0,0
650,80.0,0.0,0,56.0,83.0,8,1.0,114.0,0
651,1.0,114.0,0,80.0,0.0,0,3.0,6.0,0
652,3.0,6.0,0,1.0,114.0,0,28.0,-2.0,0
653,28.0,-2.0,0,3.0,6.0,0,-2.0,27.0,0
654,9.0,4.0,0,1.0,25.0,0,2.0,4.0,0
655,2.0,4.0,0,9.0,4.0,0,3.0,2.0,0
656,5.0,0.0,0,-2.0,29.0,0,0.0,85.0,0
657,0.0,85.0,0,5.0,0.0,0,-4.0,6.0,0
658,-4.0,6.0,0,0.0,85.0,0,-2.0,-6.0,0
659,-2.0,-6.0,0,-4.0,6.0,0,-2.0,27.0,8
660,1.0,0.0,0,105.0,0.0,0,88.0,0.0,16
661,88.0,0.0,16,1.0,0.0,0,2.0,0.0,0
662,2.0,0.0,0,88.0,0.0,16,6.0,0.0,0
663,23.0,0.0,0,2.0,0.0,0,68.0,0.0,0
664,-4.0,0.0,8,52.0,0.0,8,111.0,0.0,16
665,111.0,0.0,16,-4.0,0.0,8,21.0,0.0,8
666,0.0,25.0,0,0.0,56.0,0,-4.0,4.0,0
667,-1.0,0.0,0,6.0,25.0,8,78.0,0.0,8
668,78.0,0.0,8,-1.0,0.0,0,118.0,0.0,8
669,118.0,0.0,8,78.0,0.0,8,1.0,0.0,8
670,1.0,0.0,8,118.0,0.0,8,1.0,0.0,0
671,1.0,0.0,0,6.0,6.0,0,38.0,6.0,0
672,13.0,4.0,0,8.0,2.0,0,0.0,6.0,0
673,0.0,6.0,0,13.0,4.0,0,38.0,4.0,16
674,17.0,6.0,8,0.0,54.0,0,24.0,0.0,8
675,24.0,0.0,8,17.0,6.0,8,2.0,54.0,0
676,2.0,54.0,0,24.0,0.0,8,0.0,56.0,0
677,0.0,56.0,0,2.0,54.0,0,64.0,54.0,0
678,60.0,56.0,0,29.0,29.0,0,11.0,31.0,8
679,11.0,31.0,8,60.0,56.0,0,-1.0,2.0,0
680,-1.0,2.0,0,11.0,31.0,8,0.0,85.0,0
681,0.0,85.0,0,-1.0,2.0,0,2.0,56.0,0
682,42.0,29.0,8,12.0,31.0,8,78.0,147.0,0
683,78.0,147.0,0,42.0,29.0,8,1.0,-2.0,0
684,1.0,-2.0,0,78.0,147.0,0,30.0,56.0,0
685,30.0,56.0,0,1.0,-2.0,0,12.0,79.0,8
686,28.0,31.0,0,33.0,6.0,8,1.0,56.0,16
687,1.0,56.0,16,28.0,31.0,0,3.0,2.0,8
688,3.0,2.0,8,1.0,56.0,16,0.0,56.0,0
689,0.0,56.0,0,3.0,2.0,8,6.0,6.0,0
690,0.0,31.0,0,-8.0,56.0,0,0.0,6.0,0
691,0.0,6.0,0,0.0,31.0,0,1.0,31.0,0
692,5.0,114.0,0,-5.0,0.0,16,27.0,0.0,0
693,27.0,0.0,0,5.0,114.0,0,29.0,25.0,8
694,-4.0,0.0,0,21.0,0.0,0,7.0,0.0,8
695,7.0,0.0,8,-4.0,0.0,0,69.0,0.0,8
696,69.0,0.0,8,7.0,0.0,8,20.0,0.0,8
697,20.0,0.0,8,69.0,0.0,8,7.0,0.0,0
698,4.0,0.0,0,18.0,0.0,0,6.0,0.0,0
699,34.0,31.0,0,4.0,0.0,0,45.0,0.0,8
700,45.0,0.0,8,34.0,31.0,0,67.0,31.0,16
701,67.0,31.0,16,45.0,0.0,8,29.0,6.0,0
702,3.0,0.0,0,1.0,0.0,8,69.0,0.0,0
703,69.0,0.0,0,3.0,0.0,0,13.0,0.0,0
704,13.0,0.0,0,69.0,0.0,0,64.0,0.0,16
705,20.0,31.0,0,17.0,56.0,0,34.0,31.0,0
706,34.0,31.0,0,20.0,31.0,0,0.0,56.0,8
707,50.0,0.0,0,0.0,0.0,0,2.0,0.0,8
708,2.0,0.0,8,50.0,0.0,0,3.0,0.0,0
709,112.0,0.0,8,4.0,0.0,8,49.0,0.0,16
710,-2.0,0.0,0,3.0,0.0,0,42.0,0.0,8
711,15.0,114.0,0,2.0,112.0,0,0.0,79.0,0
712,3.0,31.0,16,-2.0,56.0,0,0.0,31.0,0
713,44.0,4.0,0,28.0,31.0,0,2.0,54.0,0
714,2.0,54.0,0,44.0,4.0,0,13.0,81.0,8
715,13.0,81.0,8,2.0,54.0,0,20.0,4.0,0
716,20.0,4.0,0,13.0,81.0,8,19.0,25.0,0
717,17.0,0.0,0,8.0,52.0,8,9.0,112.0,0
718,9.0,112.0,0,17.0,0.0,0,25.0,0.0,0
719,1.0,6.0,8,4.0,6.0,0,14.0,29.0,0
720,14.0,29.0,0,1.0,6.0,8,7.0,31.0,0
721,0.0,114.0,16,14.0,85.0,0,0.0,56.0,0
722,0.0,56.0,0,0.0,114.0,16,1.0,2.0,0
723,1.0,2.0,0,0.0,56.0,0,27.0,27.0,8
724,96.0,56.0,8,1.0,85.0,0,5.0,29.0,0
725,5.0,29.0,0,96.0,56.0,8,25.0,0.0,0
726,9.0,4.0,8,0.0,83.0,8,0.0,56.0,0
727,0.0,56.0,0,9.0,4.0,8,15.0,85.0,8
728,15.0,85.0,8,0.0,56.0,0,36.0,25.0,0
729,20.0,0.0,8,53.0,0.0,8,77.0,0.0,8
730,77.0,0.0,8,20.0,0.0,8,103.0,0.0,16
731,103.0,0.0,16,77.0,0.0,8,24.0,0.0,36
732,24.0,0.0,36,103.0,0.0,16,1.0,0.0,0
733,-2.0,0.0,8,110.0,0.0,8,2.0,0.0,0
734,2.0,0.0,0,-2.0,0.0,8,6.0,0.0,0
735,5.0,0.0,0,74.0,0.0,0,1.0,85.0,0
736,1.0,85.0,0,5.0,0.0,0,15.0,0.0,16
737,15.0,0.0,16,1.0,85.0,0,22.0,0.0,0
738,25.0,0.0,8,40.0,0.0,0,3.0,0.0,0
739,3.0,0.0,0,25.0,0.0,8,-2.0,0.0,12
740,1.0,0.0,16,7.0,0.0,0,5.0,6.0,0
741,5.0,6.0,0,1.0,0.0,16,21.0,0.0,0
742,21.0,0.0,0,5.0,6.0,0,13.0,4.0,0
743,41.0,0.0,16,29.0,0.0,28,-2.0,0.0,8
744,-2.0,0.0,8,41.0,0.0,16,99.0,0.0,8
745,16.0,83.0,0,-2.0,29.0,0,0.0,31.0,0
746,0.0,31.0,0,16.0,83.0,0,0.0,108.0,0
747,0.0,114.0,0,2.0,4.0,0,0.0,114.0,0
748,0.0,114.0,0,0.0,114.0,0,0.0,52.0,0
749,0.0,23.0,0,0.0,6.0,0,22.0,29.0,0
750,22.0,29.0,0,0.0,23.0,0,41.0,2.0,8
751,41.0,2.0,8,22.0,29.0,0,4.0,31.0,0
752,0.0,6.0,0,0.0,114.0,8,0.0,0.0,8
753,0.0,0.0,8,0.0,6.0,0,0.0,83.0,0
754,0.0,83.0,0,0.0,0.0,8,64.0,31.0,0
755,0.0,0.0,0,0.0,54.0,8,0.0,52.0,0
756,0.0,52.0,0,0.0,0.0,0,1.0,54.0,0
757,0.0,6.0,0,0.0,54.0,8,35.0,83.0,0
758,0.0,0.0,0,0.0,56.0,0,0.0,0.0,8
759,0.0,0.0,8,0.0,0.0,0,0.0,0.0,0
760,0.0,0.0,0,0.0,0.0,8,6.0,2.0,0
761,18.0,0.0,0,33.0,0.0,8,8.0,0.0,0
762,8.0,0.0,0,18.0,0.0,0,12.0,0.0,8
763,12.0,0.0,8,8.0,0.0,0,19.0,0.0,8
764,139.0,0.0,0,125.0,0.0,8,4.0,0.0,8
765,86.0,0.0,0,21.0,0.0,8,42.0,0.0,0
766,42.0,0.0,0,86.0,0.0,0,1.0,0.0,0
767,24.0,0.0,0,4.0,0.0,8,149.0,0.0,8
768,149.0,0.0,8,24.0,0.0,0,-1.0,0.0,8
769,-1.0,0.0,8,149.0,0.0,8,5.0,0.0,8
770,74.0,6.0,0,74.0,19.0,0,93.0,0.0,0
771,93.0,0.0,0,74.0,6.0,0,103.0,0.0,0
772,0.0,56.0,8,1.0,27.0,0,10.0,4.0,0
773,10.0,4.0,0,0.0,56.0,8,2.0,85.0,0
774,2.0,85.0,0,10.0,4.0,0,1.0,54.0,0
775,1.0,54.0,0,2.0,85.0,0,0.0,27.0,0
776,0.0,27.0,0,1.0,54.0,0,0.0,54.0,8
777,0.0,54.0,8,0.0,27.0,0,8.0,2.0,0
778,8.0,2.0,0,0.0,54.0,8,10.0,6.0,0
779,10.0,6.0,0,8.0,2.0,0,0.0,6.0,0
780,0.0,6.0,0,10.0,6.0,0,0.0,56.0,0
781,0.0,56.0,0,0.0,6.0,0,0.0,56.0,0
782,143.0,0.0,8,56.0,0.0,0,6.0,0.0,28
783,6.0,0.0,28,143.0,0.0,8,20.0,0.0,0
784,20.0,0.0,0,6.0,0.0,28,81.0,0.0,0
785,81.0,0.0,0,20.0,0.0,0,17.0,0.0,0
786,17.0,0.0,0,81.0,0.0,0,22.0,0.0,0
787,22.0,0.0,0,17.0,0.0,0,71.0,0.0,0
788,71.0,0.0,0,22.0,0.0,0,-2.0,31.0,0
789,-2.0,31.0,0,71.0,0.0,0,101.0,0.0,8
790,101.0,0.0,8,-2.0,31.0,0,69.0,0.0,8
791,69.0,0.0,8,101.0,0.0,8,123.0,0.0,8
792,123.0,0.0,8,69.0,0.0,8,55.0,0.0,0
793,5.0,0.0,0,29.0,0.0,0,15.0,0.0,8
794,15.0,0.0,8,5.0,0.0,0,59.0,0.0,0
795,59.0,0.0,0,15.0,0.0,8,4.0,0.0,0
796,4.0,0.0,0,59.0,0.0,0,19.0,0.0,0
797,19.0,0.0,0,4.0,0.0,0,13.0,0.0,0
798,13.0,0.0,0,19.0,0.0,0,-2.0,0.0,0
799,-2.0,0.0,0,13.0,0.0,0,2.0,0.0,0
800,60.0,0.0,16,-2.0,0.0,0,15.0,0.0,8
801,13.0,0.0,0,46.0,-2.0,0,14.0,0.0,0
802,-2.0,0.0,0,5.0,0.0,0,126.0,0.0,0
803,14.0,0.0,12,46.0,0.0,8,43.0,0.0,8
804,17.0,0.0,8,40.0,0.0,0,26.0,0.0,0
805,11.0,0.0,0,47.0,0.0,8,0.0,0.0,0
806,14.0,56.0,8,49.0,31.0,0,0.0,85.0,8
807,57.0,110.0,16,3.0,85.0,0,0.0,4.0,16
808,28.0,29.0,0,2.0,56.0,16,0.0,31.0,0
809,-2.0,0.0,8,-5.0,0.0,0,43.0,0.0,0
810,43.0,0.0,0,-2.0,0.0,8,-3.0,0.0,0
811,48.0,0.0,8,24.0,0.0,0,53.0,0.0,0
812,53.0,0.0,0,48.0,0.0,8,14.0,0.0,0
813,14.0,0.0,0,53.0,0.0,0,42.0,0.0,0
814,-5.0,0.0,0,44.0,0.0,0,52.0,0.0,0
815,52.0,0.0,0,-5.0,0.0,0,-3.0,0.0,0
816,-3.0,0.0,0,52.0,0.0,0,-2.0,0.0,0
817,16.0,0.0,0,42.0,0.0,8,14.0,0.0,0
818,14.0,0.0,0,16.0,0.0,0,11.0,0.0,0
819,11.0,0.0,0,14.0,0.0,0,20.0,0.0,0
820,20.0,0.0,0,11.0,0.0,0,-2.0,0.0,0
821,-2.0,0.0,0,20.0,0.0,0,19.0,0.0,0
822,19.0,0.0,0,-2.0,0.0,0,47.0,0.0,0
823,47.0,0.0,0,19.0,0.0,0,-2.0,0.0,8
824,-2.0,0.0,8,47.0,0.0,0,60.0,0.0,0
825,60.0,0.0,0,-2.0,0.0,8,10.0,0.0,8
826,84.0,0.0,12,8.0,0.0,8,34.0,0.0,16
827,34.0,0.0,16,84.0,0.0,12,14.0,0.0,0
828,14.0,0.0,0,34.0,0.0,16,41.0,0.0,20
829,19.0,2.0,0,12.0,52.0,0,-5.0,31.0,0
830,-5.0,31.0,0,19.0,2.0,0,0.0,25.0,0
831,11.0,29.0,0,-1.0,2.0,0,0.0,147.0,0
832,0.0,147.0,0,11.0,29.0,0,0.0,4.0,8
833,0.0,4.0,8,0.0,147.0,0,0.0,0.0,0
834,47.0,85.0,0,12.0,31.0,0,-2.0,31.0,0
835,-2.0,31.0,0,47.0,85.0,0,0.0,6.0,8
836,0.0,6.0,8,-2.0,31.0,0,0.0,56.0,0
837,-2.0,0.0,8,0.0,114.0,0,16.0,29.0,8
838,16.0,29.0,8,-2.0,0.0,8,70.0,6.0,8
839,70.0,6.0,8,16.0,29.0,8,5.0,6.0,8
840,5.0,6.0,8,70.0,6.0,8,10.0,6.0,0
841,10.0,6.0,0,5.0,6.0,8,39.0,56.0,8
842,39.0,56.0,8,10.0,6.0,0,32.0,6.0,0
843,32.0,6.0,0,39.0,56.0,8,-2.0,6.0,0
844,-2.0,6.0,0,32.0,6.0,0,0.0,81.0,0
845,0.0,81.0,0,-2.0,6.0,0,0.0,56.0,0
846,4.0,6.0,0,0.0,6.0,0,0.0,85.0,0
847,0.0,85.0,0,4.0,6.0,0,0.0,31.0,0
848,0.0,31.0,0,0.0,85.0,0,0.0,6.0,0
849,54.0,0.0,0,47.0,85.0,0,2.0,2.0,0
850,2.0,2.0,0,54.0,0.0,0,18.0,0.0,0
851,18.0,0.0,0,2.0,2.0,0,4.0,4.0,0
852,22.0,56.0,8,43.0,85.0,0,5.0,56.0,0
853,5.0,56.0,0,22.0,56.0,8,67.0,6.0,0
854,67.0,6.0,0,5.0,56.0,0,48.0,6.0,8
855,0.0,-2.0,0,-1.0,0.0,0,-2.0,0.0,0
856,0.0,85.0,0,0.0,6.0,0,-1.0,27.0,0
857,-1.0,27.0,0,0.0,85.0,0,0.0,31.0,0
858,0.0,27.0,0,0.0,56.0,0,2.0,-4.0,0
859,0.0,31.0,8,0.0,56.0,0,28.0,31.0,8
860,28.0,31.0,8,0.0,31.0,8,0.0,6.0,0
861,0.0,6.0,0,28.0,31.0,8,0.0,29.0,0
862,92.0,0.0,8,21.0,0.0,36,39.0,0.0,8
863,39.0,0.0,8,92.0,0.0,8,27.0,0.0,0
864,27.0,0.0,0,39.0,0.0,8,76.0,0.0,12
865,17.0,2.0,8,-2.0,0.0,0,16.0,0.0,0
866,16.0,0.0,0,17.0,2.0,8,-2.0,0.0,0
867,-2.0,0.0,0,16.0,0.0,0,-2.0,6.0,0
868,48.0,0.0,0,35.0,0.0,0,31.0,0.0,0
869,31.0,0.0,0,48.0,0.0,0,46.0,0.0,8
870,46.0,0.0,8,31.0,0.0,0,76.0,0.0,0
871,31.0,0.0,8,6.0,0.0,0,23.0,0.0,0
872,23.0,0.0,0,31.0,0.0,8,97.0,0.0,0
873,97.0,0.0,0,23.0,0.0,0,48.0,0.0,0
874,0.0,6.0,8,-3.0,56.0,0,0.0,27.0,0
875,14.0,56.0,0,9.0,2.0,0,59.0,29.0,0
876,59.0,29.0,0,14.0,56.0,0,90.0,85.0,0
877,90.0,85.0,0,59.0,29.0,0,17.0,29.0,0
878,17.0,29.0,0,90.0,85.0,0,14.0,54.0,0
879,14.0,54.0,0,17.0,29.0,0,81.0,31.0,8
880,81.0,31.0,8,14.0,54.0,0,-2.0,31.0,8
881,32.0,0.0,8,14.0,31.0,0,30.0,56.0,0
882,30.0,56.0,0,32.0,0.0,8,43.0,56.0,0
883,43.0,56.0,0,30.0,56.0,0,21.0,147.0,0
884,21.0,147.0,0,43.0,56.0,0,0.0,6.0,0
885,0.0,6.0,0,21.0,147.0,0,0.0,31.0,0
886,0.0,31.0,0,0.0,6.0,0,13.0,85.0,8
887,13.0,85.0,8,0.0,31.0,0,24.0,31.0,0
888,6.0,0.0,0,49.0,0.0,0,57.0,0.0,0
889,57.0,0.0,0,6.0,0.0,0,5.0,0.0,20
890,5.0,0.0,20,57.0,0.0,0,43.0,0.0,0
891,43.0,0.0,0,5.0,0.0,20,78.0,0.0,0
892,104.0,114.0,0,0.0,2.0,0,42.0,31.0,0
893,42.0,31.0,0,104.0,114.0,0,80.0,56.0,0
894,80.0,56.0,0,42.0,31.0,0,16.0,56.0,0
895,16.0,56.0,0,80.0,56.0,0,36.0,31.0,8
896,36.0,31.0,8,16.0,56.0,0,12.0,114.0,0
897,-2.0,0.0,0,-2.0,0.0,28,40.0,0.0,8
898,40.0,0.0,8,-2.0,0.0,0,1.0,0.0,8
899,1.0,0.0,8,40.0,0.0,8,17.0,0.0,8
900,102.0,29.0,0,0.0,27.0,0,10.0,29.0,0
901,18.0,56.0,0,0.0,56.0,0,-2.0,4.0,0
902,-2.0,4.0,0,18.0,56.0,0,17.0,56.0,0
903,17.0,56.0,0,-2.0,4.0,0,-2.0,6.0,8
904,-2.0,6.0,8,17.0,56.0,0,0.0,31.0,0
905,0.0,4.0,0,0.0,25.0,0,-2.0,31.0,0
906,-2.0,31.0,0,0.0,4.0,0,6.0,2.0,0
907,6.0,2.0,0,-2.0,31.0,0,28.0,6.0,0
908,28.0,6.0,0,6.0,2.0,0,-2.0,6.0,8
909,-2.0,6.0,8,28.0,6.0,0,77.0,0.0,0
910,0.0,56.0,0,0.0,0.0,0,-1.0,6.0,0
911,-1.0,6.0,0,0.0,56.0,0,2.0,6.0,8
912,2.0,6.0,8,-1.0,6.0,0,-1.0,6.0,8
913,-1.0,6.0,8,2.0,6.0,8,5.0,56.0,0
914,5.0,56.0,0,-1.0,6.0,8,0.0,27.0,0
915,0.0,29.0,0,0.0,79.0,0,10.0,31.0,0
916,10.0,31.0,0,0.0,29.0,0,2.0,27.0,0
917,2.0,27.0,0,10.0,31.0,0,3.0,29.0,0
918,3.0,29.0,0,2.0,27.0,0,2.0,114.0,0
919,2.0,114.0,0,3.0,29.0,0,0.0,31.0,0
920,0.0,2.0,0,0.0,52.0,0,1.0,2.0,0
921,1.0,2.0,0,0.0,2.0,0,-2.0,27.0,0
922,-2.0,27.0,0,1.0,2.0,0,13.0,4.0,0
923,13.0,4.0,0,-2.0,27.0,0,9.0,31.0,0
924,9.0,31.0,0,13.0,4.0,0,0.0,29.0,8
925,-2.0,56.0,0,22.0,4.0,0,70.0,114.0,0
926,70.0,114.0,0,-2.0,56.0,0,4.0,54.0,0
927,4.0,54.0,0,70.0,114.0,0,59.0,29.0,8
928,59.0,29.0,8,4.0,54.0,0,14.0,56.0,0
929,77.0,4.0,8,5.0,6.0,0,35.0,31.0,0
930,35.0,31.0,0,77.0,4.0,8,40.0,85.0,8
931,40.0,85.0,8,35.0,31.0,0,128.0,4.0,0
932,128.0,4.0,0,40.0,85.0,8,13.0,31.0,0
933,-2.0,0.0,0,0.0,31.0,0,8.0,4.0,0
934,8.0,4.0,0,-2.0,0.0,0,0.0,85.0,8
935,0.0,85.0,8,8.0,4.0,0,9.0,6.0,0
936,5.0,6.0,0,0.0,114.0,0,3.0,29.0,28
937,3.0,29.0,28,5.0,6.0,0,3.0,56.0,0
938,3.0,56.0,0,3.0,29.0,28,1.0,2.0,0
939,1.0,2.0,0,3.0,56.0,0,0.0,6.0,0
940,0.0,6.0,0,1.0,2.0,0,-2.0,56.0,0
941,5.0,31.0,0,0.0,56.0,0,2.0,0.0,0
942,2.0,0.0,0,5.0,31.0,0,16.0,6.0,8
943,16.0,6.0,8,2.0,0.0,0,2.0,31.0,0
944,2.0,31.0,0,16.0,6.0,8,0.0,52.0,0
945,0.0,52.0,0,2.0,31.0,0,-2.0,112.0,0
946,23.0,0.0,0,7.0,0.0,0,36.0,0.0,0
947,36.0,0.0,0,23.0,0.0,0,2.0,0.0,0
948,2.0,0.0,0,36.0,0.0,0,20.0,0.0,8
949,20.0,0.0,8,2.0,0.0,0,28.0,0.0,0
950,28.0,0.0,0,20.0,0.0,8,5.0,0.0,0
951,-2.0,0.0,0,11.0,0.0,0,39.0,0.0,0
952,39.0,0.0,0,-2.0,0.0,0,36.0,0.0,8
953,36.0,0.0,8,39.0,0.0,0,13.0,0.0,0
954,13.0,0.0,0,36.0,0.0,8,-2.0,0.0,0
955,-2.0,0.0,0,13.0,0.0,0,46.0,0.0,0
956,13.0,0.0,0,8.0,0.0,0,22.0,0.0,0
957,22.0,0.0,0,13.0,0.0,0,10.0,0.0,8
958,10.0,0.0,8,22.0,0.0,0,80.0,0.0,0
959,80.0,0.0,0,10.0,0.0,8,33.0,0.0,0
960,29.0,6.0,0,0.0,6.0,0,1.0,0.0,0
961,1.0,0.0,0,29.0,6.0,0,-2.0,0.0,8
962,10.0,0.0,0,47.0,0.0,8,24.0,0.0,0
963,24.0,0.0,0,10.0,0.0,0,1.0,0.0,12
964,1.0,0.0,12,24.0,0.0,0,6.0,0.0,8
965,6.0,0.0,8,1.0,0.0,12,42.0,0.0,8
966,14.0,0.0,0,16.0,0.0,0,48.0,0.0,0
967,48.0,0.0,0,14.0,0.0,0,48.0,0.0,0
968,48.0,0.0,0,48.0,0.0,0,-2.0,0.0,0
969,-2.0,0.0,0,48.0,0.0,0,30.0,0.0,0
970,30.0,0.0,0,-2.0,0.0,0,19.0,0.0,0
971,8.0,6.0,0,70.0,6.0,0,52.0,6.0,8
972,52.0,6.0,8,8.0,6.0,0,9.0,27.0,0
973,9.0,27.0,0,52.0,6.0,8,3.0,31.0,0
974,3.0,31.0,0,9.0,27.0,0,6.0,31.0,0
975,6.0,31.0,0,3.0,31.0,0,37.0,2.0,8
976,11.0,0.0,8,24.0,0.0,8,69.0,0.0,0
977,69.0,0.0,0,11.0,0.0,8,-2.0,0.0,8
978,-2.0,0.0,8,69.0,0.0,0,71.0,0.0,8
979,71.0,0.0,8,-2.0,0.0,8,18.0,0.0,8
980,18.0,0.0,8,71.0,0.0,8,38.0,0.0,0
981,11.0,0.0,0,3.0,0.0,0,22.0,0.0,0
982,22.0,0.0,0,11.0,0.0,0,73.0,0.0,8
983,73.0,0.0,8,22.0,0.0,0,96.0,0.0,0
984,96.0,0.0,0,73.0,0.0,8,5.0,0.0,16
985,5.0,0.0,16,96.0,0.0,0,83.0,0.0,0
986,0.0,0.0,8,23.0,0.0,0,41.0,0.0,0
987,41.0,0.0,0,0.0,0.0,8,88.0,0.0,0
988,88.0,0.0,0,41.0,0.0,0,-2.0,0.0,8
989,-2.0,0.0,8,88.0,0.0,0,22.0,0.0,0
990,113.0,31.0,0,0.0,56.0,0,37.0,0.0,0
991,37.0,0.0,0,113.0,31.0,0,8.0,0.0,0
992,8.0,0.0,0,37.0,0.0,0,57.0,31.0,0
993,57.0,31.0,0,8.0,0.0,0,-2.0,6.0,0
994,30.0,0.0,0,11.0,4.0,0,9.0,0.0,0
995,9.0,0.0,0,30.0,0.0,0,18.0,54.0,8
996,18.0,54.0,8,9.0,0.0,0,37.0,6.0,0
997,37.0,6.0,0,18.0,54.0,8,43.0,31.0,0
998,43.0,31.0,0,37.0,6.0,0,28.0,2.0,0
999,47.0,4.0,0,-4.0,2.0,0,2.0,0.0,0
1000,2.0,0.0,0,47.0,4.0,0,0.0,172.0,0
1001,0.0,172.0,0,2.0,0.0,0,56.0,52.0,8
1002,56.0,52.0,8,0.0,172.0,0,12.0,27.0,0
1003,12.0,27.0,0,56.0,52.0,8,0.0,31.0,0
1004,0.0,31.0,0,12.0,27.0,0,0.0,27.0,0
1005,13.0,0.0,0,-2.0,6.0,0,21.0,0.0,0
1006,21.0,0.0,0,13.0,0.0,0,2.0,2.0,0
1007,2.0,2.0,0,21.0,0.0,0,-2.0,25.0,0
1008,-2.0,25.0,0,2.0,2.0,0,34.0,4.0,8
1009,34.0,4.0,8,-2.0,25.0,0,0.0,56.0,0
1010,1.0,54.0,0,8.0,31.0,8,0.0,6.0,0
1011,0.0,6.0,0,1.0,54.0,0,13.0,4.0,0
1012,13.0,4.0,0,0.0,6.0,0,14.0,85.0,0
1013,14.0,85.0,0,13.0,4.0,0,0.0,6.0,0
1014,0.0,6.0,0,14.0,85.0,0,0.0,0.0,0
1015,0.0,6.0,0,6.0,29.0,0,0.0,56.0,0
1016,0.0,56.0,0,0.0,6.0,0,1.0,31.0,0
1017,1.0,31.0,0,0.0,56.0,0,22.0,31.0,0
1018,22.0,31.0,0,1.0,31.0,0,0.0,29.0,0
1019,-2.0,0.0,0,14.0,0.0,0,0.0,52.0,0
1020,0.0,52.0,0,-2.0,0.0,0,12.0,27.0,0
1021,12.0,27.0,0,0.0,52.0,0,1.0,2.0,0
1022,1.0,2.0,0,12.0,27.0,0,27.0,2.0,0
1023,0.0,6.0,0,2.0,2.0,0,7.0,85.0,0
1024,7.0,85.0,0,0.0,6.0,0,0.0,0.0,0
1025,0.0,0.0,0,7.0,85.0,0,-2.0,31.0,0
1026,-2.0,31.0,0,0.0,0.0,0,8.0,147.0,0
1027,8.0,147.0,0,-2.0,31.0,0,1.0,56.0,0
1028,0.0,27.0,0,2.0,54.0,0,-2.0,4.0,0
1029,-2.0,4.0,0,0.0,27.0,0,0.0,25.0,0
1030,0.0,25.0,0,-2.0,4.0,0,0.0,27.0,0
1031,0.0,27.0,0,0.0,25.0,0,9.0,85.0,0
1032,9.0,85.0,0,0.0,27.0,0,-2.0,2.0,0
1033,11.0,0.0,0,12.0,0.0,0,64.0,0.0,8
1034,64.0,0.0,8,11.0,0.0,0,2.0,0.0,0
1035,2.0,0.0,0,64.0,0.0,8,1.0,0.0,12
1036,1.0,0.0,12,2.0,0.0,0,12.0,0.0,28
1037,12.0,0.0,28,1.0,0.0,12,8.0,0.0,8
1038,76.0,2.0,0,41.0,29.0,0,28.0,0.0,0
1039,28.0,0.0,0,76.0,2.0,0,53.0,0.0,0
1040,53.0,0.0,0,28.0,0.0,0,11.0,0.0,0
1041,11.0,0.0,0,53.0,0.0,0,63.0,0.0,0
1042,63.0,0.0,0,11.0,0.0,0,5.0,0.0,0
1043,5.0,0.0,0,63.0,0.0,0,13.0,0.0,0
1044,55.0,0.0,0,43.0,0.0,0,-2.0,0.0,0
1045,-2.0,0.0,0,55.0,0.0,0,133.0,0.0,0
1046,133.0,0.0,0,-2.0,0.0,0,-4.0,0.0,0
1047,-4.0,0.0,0,133.0,0.0,0,7.0,0.0,0
1048,7.0,0.0,0,-4.0,0.0,0,-2.0,0.0,0
1049,-2.0,0.0,0,7.0,0.0,0,42.0,0.0,8
1050,1.0,0.0,0,5.0,0.0,0,64.0,0.0,8
1051,64.0,0.0,8,1.0,0.0,0,22.0,0.0,0
1052,22.0,0.0,0,64.0,0.0,8,-2.0,0.0,0
1053,45.0,0.0,0,16.0,0.0,0,166.0,0.0,8
1054,166.0,0.0,8,45.0,0.0,0,72.0,0.0,8
1055,72.0,0.0,8,166.0,0.0,8,-2.0,0.0,0
1056,-2.0,0.0,0,72.0,0.0,8,55.0,2.0,8
1057,55.0,2.0,8,-2.0,0.0,0,2.0,27.0,8
1058,2.0,27.0,8,55.0,2.0,8,67.0,0.0,0
1059,67.0,0.0,0,2.0,27.0,8,8.0,2.0,16
1060,8.0,2.0,16,67.0,0.0,0,-8.0,0.0,8
1061,-8.0,0.0,8,8.0,2.0,16,17.0,0.0,0
1062,17.0,0.0,0,-8.0,0.0,8,-2.0,0.0,0
1063,2.0,31.0,16,0.0,4.0,0,0.0,54.0,0
1064,0.0,54.0,0,2.0,31.0,16,31.0,54.0,0
1065,31.0,54.0,0,0.0,54.0,0,0.0,2.0,0
1066,0.0,2.0,0,31.0,54.0,0,5.0,31.0,0
1067,5.0,31.0,0,0.0,2.0,0,1.0,48.0,8
1068,1.0,48.0,8,5.0,31.0,0,46.0,56.0,0
1069,46.0,56.0,0,1.0,48.0,8,10.0,31.0,0
1070,0.0,4.0,0,0.0,6.0,0,0.0,31.0,0
1071,0.0,31.0,0,0.0,4.0,0,5.0,2.0,0
1072,5.0,2.0,0,0.0,31.0,0,0.0,114.0,0
1073,0.0,114.0,0,5.0,2.0,0,0.0,83.0,0
1074,0.0,83.0,0,0.0,114.0,0,4.0,23.0,0
1075,4.0,23.0,0,0.0,83.0,0,4.0,2.0,0
1076,4.0,2.0,0,4.0,23.0,0,1.0,31.0,0
1077,102.0,56.0,0,8.0,56.0,0,12.0,0.0,0
1078,12.0,0.0,0,102.0,56.0,0,86.0,31.0,0
1079,86.0,31.0,0,12.0,0.0,0,15.0,4.0,0
1080,15.0,4.0,0,86.0,31.0,0,6.0,52.0,0
1081,7.0,85.0,0,-2.0,6.0,0,-3.0,31.0,0
1082,-3.0,31.0,0,7.0,85.0,0,5.0,31.0,0
1083,5.0,31.0,0,-3.0,31.0,0,-1.0,56.0,0
1084,-1.0,56.0,0,5.0,31.0,0,10.0,85.0,0
1085,10.0,85.0,0,-1.0,56.0,0,66.0,29.0,0
1086,66.0,29.0,0,10.0,85.0,0,0.0,56.0,0
1087,0.0,56.0,0,66.0,29.0,0,0.0,52.0,0
1088,5.0,114.0,0,24.0,85.0,0,-2.0,2.0,0
1089,-2.0,2.0,0,5.0,114.0,0,1.0,0.0,0
1090,1.0,0.0,0,-2.0,2.0,0,22.0,31.0,0
1091,22.0,31.0,0,1.0,0.0,0,10.0,54.0,0
1092,10.0,54.0,0,22.0,31.0,0,7.0,6.0,0
1093,98.0,0.0,0,87.0,0.0,8,41.0,0.0,0
1094,41.0,0.0,0,98.0,0.0,0,87.0,0.0,0
1095,87.0,0.0,0,41.0,0.0,0,110.0,0.0,0
1096,110.0,0.0,0,87.0,0.0,0,22.0,0.0,0
1097,22.0,0.0,0,110.0,0.0,0,105.0,0.0,16
1098,105.0,0.0,16,22.0,0.0,0,-2.0,0.0,0
1099,-2.0,0.0,0,105.0,0.0,16,18.0,0.0,0
1100,31.0,0.0,0,17.0,0.0,0,-3.0,0.0,0
1101,-3.0,0.0,0,31.0,0.0,0,22.0,0.0,8
1102,22.0,0.0,8,-3.0,0.0,0,37.0,0.0,0
1103,37.0,0.0,0,22.0,0.0,8,51.0,0.0,0
1104,51.0,0.0,0,37.0,0.0,0,32.0,0.0,0
1105,32.0,0.0,0,51.0,0.0,0,10.0,0.0,0
1106,42.0,27.0,8,48.0,25.0,16,-1.0,29.0,0
1107,-1.0,29.0,0,42.0,27.0,8,42.0,2.0,0
1108,42.0,2.0,0,-1.0,29.0,0,6.0,31.0,16
1109,6.0,31.0,16,42.0,2.0,0,4.0,6.0,8
1110,4.0,6.0,8,6.0,31.0,16,2.0,4.0,0
1111,2.0,4.0,0,4.0,6.0,8,32.0,25.0,16
1112,28.0,0.0,8,1.0,0.0,0,16.0,0.0,12
1113,16.0,0.0,12,28.0,0.0,8,22.0,0.0,0
1114,22.0,0.0,0,16.0,0.0,12,13.0,0.0,36
1115,13.0,0.0,36,22.0,0.0,0,3.0,0.0,0
1116,3.0,0.0,0,13.0,0.0,36,13.0,0.0,0
1117,13.0,0.0,0,3.0,0.0,0,39.0,0.0,8
1118,1.0,31.0,0,-4.0,31.0,8,-4.0,6.0,0
1119,-4.0,6.0,0,1.0,31.0,0,-2.0,85.0,0
1120,-2.0,85.0,0,-4.0,6.0,0,2.0,6.0,0
1121,2.0,6.0,0,-2.0,85.0,0,7.0,6.0,0
1122,7.0,6.0,0,2.0,6.0,0,0.0,56.0,0
1123,0.0,56.0,0,7.0,6.0,0,-2.0,2.0,0
1124,-2.0,2.0,0,0.0,56.0,0,0.0,2.0,0
1125,0.0,31.0,0,-2.0,56.0,0,1.0,6.0,0
1126,1.0,6.0,0,0.0,31.0,0,1.0,31.0,0
1127,1.0,31.0,0,1.0,6.0,0,-2.0,6.0,0
1128,-2.0,6.0,0,1.0,31.0,0,0.0,85.0,0
1129,0.0,85.0,0,-2.0,6.0,0,0.0,31.0,0
1130,36.0,25.0,0,0.0,6.0,0,41.0,54.0,0
1131,41.0,54.0,0,36.0,25.0,0,11.0,172.0,0
1132,11.0,172.0,0,41.0,54.0,0,68.0,56.0,8
1133,68.0,56.0,8,11.0,172.0,0,1.0,6.0,0
1134,6.0,52.0,0,0.0,27.0,0,19.0,50.0,16
1135,19.0,50.0,16,6.0,52.0,0,42.0,4.0,0
1136,42.0,4.0,0,19.0,50.0,16,4.0,27.0,8
1137,4.0,27.0,8,42.0,4.0,0,9.0,143.0,0
1138,9.0,143.0,0,4.0,27.0,8,15.0,31.0,8
1139,-2.0,56.0,0,0.0,31.0,0,29.0,83.0,0
1140,29.0,83.0,0,-2.0,56.0,0,12.0,56.0,0
1141,12.0,56.0,0,29.0,83.0,0,0.0,6.0,0
1142,0.0,6.0,0,12.0,56.0,0,-2.0,0.0,0
1143,-2.0,6.0,0,0.0,85.0,0,-2.0,56.0,0
1144,-2.0,56.0,0,-2.0,6.0,0,0.0,31.0,0
1145,0.0,31.0,0,-2.0,56.0,0,-6.0,31.0,0
1146,57.0,0.0,8,9.0,0.0,0,38.0,0.0,0
1147,38.0,0.0,0,57.0,0.0,8,8.0,0.0,0
1148,8.0,0.0,0,38.0,0.0,0,88.0,0.0,0
1149,88.0,0.0,0,8.0,0.0,0,21.0,0.0,0
1150,41.0,0.0,24,-2.0,0.0,0,5.0,0.0,8
1151,5.0,0.0,8,41.0,0.0,24,41.0,0.0,0
1152,41.0,0.0,0,5.0,0.0,8,84.0,0.0,0
1153,-2.0,0.0,8,-2.0,0.0,8,1.0,0.0,0
1154,1.0,0.0,0,-2.0,0.0,8,0.0,0.0,0
1155,19.0,0.0,28,51.0,0.0,8,28.0,0.0,0
1156,28.0,0.0,0,19.0,0.0,28,10.0,0.0,16
1157,10.0,0.0,16,28.0,0.0,0,125.0,0.0,0
1158,125.0,0.0,0,10.0,0.0,16,100.0,0.0,0
1159,100.0,0.0,0,125.0,0.0,0,11.0,0.0,0
1160,11.0,0.0,0,100.0,0.0,0,92.0,0.0,16
1161,75.0,0.0,16,42.0,27.0,8,1.0,0.0,0
1162,19.0,0.0,0,17.0,0.0,8,-2.0,0.0,0
1163,-2.0,0.0,0,19.0,0.0,0,6.0,0.0,0
1164,6.0,0.0,0,-2.0,0.0,0,3.0,0.0,0
1165,3.0,0.0,0,6.0,0.0,0,33.0,0.0,8
1166,33.0,0.0,8,3.0,0.0,0,80.0,0.0,8
1167,1.0,29.0,0,8.0,2.0,0,18.0,29.0,0
1168,41.0,0.0,0,8.0,0.0,0,43.0,0.0,8
1169,43.0,0.0,8,41.0,0.0,0,63.0,0.0,0
1170,63.0,0.0,0,43.0,0.0,8,38.0,0.0,0
1171,38.0,0.0,0,63.0,0.0,0,31.0,4.0,0
1172,31.0,4.0,0,38.0,0.0,0,6.0,0.0,0
1173,6.0,0.0,0,31.0,4.0,0,74.0,0.0,0
1174,0.0,6.0,0,23.0,81.0,0,4.0,85.0,0
1175,4.0,85.0,0,0.0,6.0,0,51.0,6.0,0
1176,51.0,6.0,0,4.0,85.0,0,27.0,54.0,8
1177,27.0,54.0,8,51.0,6.0,0,73.0,29.0,0
1178,73.0,29.0,0,27.0,54.0,8,72.0,0.0,0
1179,72.0,0.0,0,73.0,29.0,0,30.0,83.0,8
1180,59.0,0.0,36,-1.0,0.0,0,26.0,0.0,8
1181,26.0,0.0,8,59.0,0.0,36,38.0,0.0,0
1182,38.0,0.0,0,26.0,0.0,8,2.0,0.0,8
1183,2.0,0.0,8,38.0,0.0,0,20.0,0.0,8
1184,20.0,0.0,8,2.0,0.0,8,12.0,0.0,8
1185,30.0,31.0,0,57.0,6.0,8,5.0,2.0,8
1186,5.0,2.0,8,30.0,31.0,0,11.0,25.0,0
1187,11.0,25.0,0,5.0,2.0,8,92.0,25.0,0
1188,92.0,25.0,0,11.0,25.0,0,-2.0,0.0,0
1189,-2.0,0.0,0,92.0,25.0,0,25.0,0.0,8
1190,4.0,56.0,0,2.0,56.0,0,-3.0,31.0,8
1191,-3.0,31.0,8,4.0,56.0,0,1.0,0.0,0
1192,1.0,0.0,0,-3.0,31.0,8,0.0,31.0,0
1193,1.0,27.0,0,14.0,25.0,8,0.0,110.0,0
1194,0.0,110.0,0,1.0,27.0,0,2.0,0.0,0
1195,5.0,31.0,0,-2.0,85.0,0,1.0,4.0,0
1196,1.0,4.0,0,5.0,31.0,0,0.0,56.0,0
1197,43.0,-4.0,0,6.0,0.0,0,44.0,0.0,8
1198,44.0,0.0,8,43.0,-4.0,0,-2.0,0.0,0
1199,-2.0,0.0,0,44.0,0.0,8,71.0,0.0,0
1200,71.0,0.0,0,-2.0,0.0,0,109.0,0.0,8
1201,109.0,0.0,8,71.0,0.0,0,3.0,25.0,0
1202,3.0,25.0,0,109.0,0.0,8,55.0,0.0,8
1203,-4.0,4.0,0,20.0,85.0,0,18.0,31.0,0
1204,18.0,31.0,0,-4.0,4.0,0,43.0,52.0,8
1205,43.0,52.0,8,18.0,31.0,0,0.0,56.0,0
1206,0.0,56.0,0,43.0,52.0,8,-2.0,85.0,0
1207,-2.0,85.0,0,0.0,56.0,0,-2.0,4.0,8
1208,62.0,56.0,0,-2.0,56.0,8,27.0,54.0,0
1209,27.0,54.0,0,62.0,56.0,0,27.0,29.0,0
1210,27.0,29.0,0,27.0,54.0,0,0.0,56.0,0
1211,0.0,56.0,0,27.0,29.0,0,0.0,27.0,0
1212,0.0,27.0,0,0.0,56.0,0,115.0,114.0,0
1213,115.0,114.0,0,0.0,27.0,0,-2.0,83.0,0
1214,0.0,83.0,8,48.0,29.0,8,-2.0,31.0,0
1215,-2.0,31.0,0,0.0,83.0,8,0.0,56.0,0
1216,0.0,56.0,0,-2.0,31.0,0,0.0,56.0,0
1217,0.0,56.0,0,0.0,56.0,0,3.0,31.0,0
1218,3.0,31.0,0,0.0,56.0,0,53.0,2.0,0
1219,0.0,0.0,0,-2.0,6.0,8,-2.0,4.0,0
1220,-2.0,4.0,0,0.0,0.0,0,0.0,31.0,0
1221,0.0,31.0,0,-2.0,4.0,0,0.0,56.0,0
1222,0.0,56.0,0,0.0,31.0,0,0.0,4.0,0
1223,0.0,4.0,0,0.0,56.0,0,1.0,25.0,0
1224,84.0,0.0,0,1.0,0.0,0,50.0,0.0,0
1225,50.0,0.0,0,84.0,0.0,0,8.0,0.0,8
1226,8.0,0.0,8,50.0,0.0,0,143.0,0.0,16
1227,143.0,0.0,16,8.0,0.0,8,23.0,0.0,0
1228,23.0,0.0,0,143.0,0.0,16,16.0,0.0,0
1229,22.0,0.0,0,98.0,0.0,8,-2.0,0.0,16
1230,-2.0,0.0,16,22.0,0.0,0,55.0,0.0,8
1231,55.0,0.0,8,-2.0,0.0,16,47.0,0.0,16
1232,47.0,0.0,16,55.0,0.0,8,40.0,0.0,28
1233,40.0,0.0,28,47.0,0.0,16,5.0,0.0,20
1234,5.0,0.0,20,40.0,0.0,28,14.0,0.0,0
1235,9.0,-2.0,0,11.0,0.0,16,79.0,0.0,0
1236,79.0,0.0,0,9.0,-2.0,0,7.0,0.0,0
1237,7.0,0.0,0,79.0,0.0,0,23.0,0.0,16
1238,23.0,0.0,16,7.0,0.0,0,88.0,0.0,0
1239,12.0,0.0,0,11.0,0.0,0,-2.0,0.0,8
1240,-2.0,0.0,8,12.0,0.0,0,1.0,0.0,8
1241,-2.0,0.0,0,0.0,31.0,0,2.0,29.0,0
1242,14.0,0.0,8,10.0,0.0,8,43.0,0.0,0
1243,43.0,0.0,0,14.0,0.0,8,137.0,0.0,0
1244,137.0,0.0,0,43.0,0.0,0,68.0,0.0,0
1245,68.0,0.0,0,137.0,0.0,0,22.0,0.0,0
1246,22.0,0.0,0,68.0,0.0,0,-2.0,0.0,0
1247,150.0,0.0,0,25.0,0.0,8,53.0,0.0,0
1248,53.0,0.0,0,150.0,0.0,0,8.0,0.0,8
1249,8.0,0.0,8,53.0,0.0,0,17.0,0.0,0
1250,17.0,0.0,0,8.0,0.0,8,101.0,0.0,0
1251,118.0,0.0,0,52.0,4.0,0,4.0,29.0,8
1252,4.0,29.0,8,118.0,0.0,0,87.0,81.0,16
1253,87.0,81.0,16,4.0,29.0,8,140.0,56.0,8
1254,140.0,56.0,8,87.0,81.0,16,-1.0,56.0,0
1255,-1.0,56.0,0,140.0,56.0,8,-2.0,2.0,0
1256,6.0,0.0,28,39.0,0.0,0,47.0,0.0,16
1257,47.0,0.0,16,6.0,0.0,28,7.0,0.0,0
1258,7.0,0.0,0,47.0,0.0,16,8.0,0.0,8
1259,8.0,0.0,8,7.0,0.0,0,9.0,0.0,28
1260,9.0,0.0,28,8.0,0.0,8,-2.0,0.0,16
1261,1.0,31.0,0,4.0,29.0,0,29.0,6.0,0
1262,29.0,6.0,0,1.0,31.0,0,8.0,4.0,0
1263,8.0,4.0,0,29.0,6.0,0,18.0,4.0,0
1264,18.0,4.0,0,8.0,4.0,0,68.0,6.0,8
1265,68.0,6.0,8,18.0,4.0,0,31.0,6.0,0
1266,31.0,6.0,0,68.0,6.0,8,64.0,31.0,0
1267,-2.0,0.0,0,28.0,27.0,0,-2.0,0.0,8
1268,-2.0,0.0,8,-2.0,0.0,0,22.0,6.0,0
1269,22.0,6.0,0,-2.0,0.0,8,5.0,0.0,0
1270,5.0,0.0,0,22.0,6.0,0,10.0,0.0,0
1271,10.0,0.0,0,5.0,0.0,0,23.0,29.0,8
1272,-2.0,0.0,0,5.0,25.0,0,-2.0,4.0,0
1273,-2.0,56.0,0,3.0,0.0,0,-1.0,6.0,0
1274,-1.0,6.0,0,-2.0,56.0,0,38.0,6.0,0
1275,38.0,6.0,0,-1.0,6.0,0,9.0,6.0,0
1276,3.0,31.0,0,5.0,27.0,16,-2.0,56.0,0
1277,-2.0,56.0,0,3.0,31.0,0,-2.0,31.0,8
1278,-2.0,27.0,8,2.0,2.0,0,1.0,56.0,0
1279,1.0,56.0,0,-2.0,27.0,8,8.0,0.0,0
1280,8.0,0.0,0,1.0,56.0,0,-2.0,31.0,0
1281,-2.0,31.0,0,8.0,0.0,0,0.0,31.0,0
1282,0.0,31.0,0,-2.0,31.0,0,3.0,85.0,16
1283,4.0,0.0,0,2.0,0.0,8,0.0,52.0,8
1284,0.0,52.0,8,4.0,0.0,0,-2.0,50.0,16
1285,-2.0,50.0,16,0.0,52.0,8,3.0,27.0,8
1286,28.0,0.0,16,132.0,0.0,0,42.0,0.0,0
1287,42.0,0.0,0,28.0,0.0,16,0.0,0.0,0
1288,0.0,0.0,0,42.0,0.0,0,52.0,56.0,0
1289,52.0,56.0,0,0.0,0.0,0,39.0,0.0,0
1290,39.0,0.0,0,52.0,56.0,0,40.0,0.0,8
1291,0.0,29.0,0,16.0,83.0,0,-2.0,54.0,8
1292,-2.0,54.0,8,0.0,29.0,0,1.0,85.0,8
1293,1.0,85.0,8,-2.0,54.0,8,8.0,85.0,0
1294,0.0,0.0,16,9.0,0.0,8,1.0,0.0,0
1295,1.0,0.0,0,0.0,0.0,16,22.0,0.0,0
1296,22.0,0.0,0,1.0,0.0,0,5.0,0.0,28
1297,5.0,0.0,28,22.0,0.0,0,46.0,0.0,24
1298,46.0,0.0,24,5.0,0.0,28,67.0,0.0,8
1299,67.0,0.0,8,46.0,0.0,24,1.0,0.0,8
1300,2.0,0.0,0,188.0,0.0,8,0.0,6.0,0
1301,0.0,6.0,0,2.0,0.0,0,4.0,0.0,0
1302,4.0,0.0,0,0.0,6.0,0,0.0,0.0,0
1303,0.0,0.0,0,4.0,0.0,0,-2.0,0.0,0
1304,-2.0,0.0,0,0.0,0.0,0,19.0,0.0,0
1305,19.0,0.0,0,-2.0,0.0,0,104.0,0.0,0
1306,-4.0,0.0,8,-2.0,0.0,0,-2.0,0.0,28
1307,91.0,0.0,0,5.0,0.0,0,15.0,0.0,8
1308,15.0,0.0,8,91.0,0.0,0,1.0,0.0,0
1309,1.0,0.0,0,15.0,0.0,8,0.0,0.0,0
1310,0.0,0.0,0,1.0,0.0,0,21.0,0.0,0
1311,21.0,0.0,0,0.0,0.0,0,23.0,0.0,8
1312,10.0,0.0,0,42.0,0.0,0,27.0,0.0,0
1313,27.0,0.0,0,10.0,0.0,0,19.0,0.0,0
1314,19.0,0.0,0,27.0,0.0,0,3.0,0.0,0
1315,3.0,0.0,0,19.0,0.0,0,0.0,0.0,16
1316,0.0,0.0,16,3.0,0.0,0,31.0,0.0,0
1317,31.0,0.0,0,0.0,0.0,16,12.0,0.0,8
1318,40.0,25.0,8,24.0,0.0,0,18.0,27.0,0
1319,18.0,27.0,0,40.0,25.0,8,-2.0,56.0,0
1320,-2.0,56.0,0,18.0,27.0,0,63.0,4.0,0
1321,63.0,4.0,0,-2.0,56.0,0,17.0,25.0,0
1322,17.0,25.0,0,63.0,4.0,0,94.0,4.0,8
1323,94.0,4.0,8,17.0,25.0,0,99.0,31.0,0
1324,43.0,0.0,0,64.0,0.0,0,39.0,0.0,8
1325,39.0,0.0,8,43.0,0.0,0,87.0,0.0,8
1326,87.0,0.0,8,39.0,0.0,8,1.0,0.0,16
1327,1.0,0.0,16,87.0,0.0,8,127.0,0.0,0
1328,127.0,0.0,0,1.0,0.0,16,13.0,0.0,0
1329,13.0,0.0,0,127.0,0.0,0,8.0,0.0,8
1330,67.0,0.0,0,12.0,0.0,0,84.0,0.0,0
1331,14.0,2.0,0,86.0,25.0,8,60.0,25.0,0
1332,60.0,25.0,0,14.0,2.0,0,85.0,0.0,0
1333,85.0,0.0,0,60.0,25.0,0,49.0,2.0,0
1334,49.0,2.0,0,85.0,0.0,0,-2.0,0.0,0
1335,-2.0,0.0,0,49.0,2.0,0,-2.0,0.0,0
1336,-2.0,0.0,0,-2.0,0.0,0,60.0,0.0,8
1337,76.0,0.0,0,14.0,31.0,0,9.0,0.0,0
1338,9.0,0.0,0,76.0,0.0,0,21.0,29.0,8
1339,21.0,29.0,8,9.0,0.0,0,-1.0,0.0,0
1340,-1.0,0.0,0,21.0,29.0,8,103.0,6.0,8
1341,103.0,6.0,8,-1.0,0.0,0,22.0,29.0,0
1342,22.0,29.0,0,103.0,6.0,8,27.0,27.0,0
1343,8.0,56.0,0,13.0,54.0,0,15.0,29.0,0
1344,15.0,29.0,0,8.0,56.0,0,6.0,29.0,8
1345,6.0,29.0,8,15.0,29.0,0,31.0,81.0,0
1346,31.0,81.0,0,6.0,29.0,8,0.0,147.0,0
1347,0.0,147.0,0,31.0,81.0,0,9.0,0.0,0
1348,9.0,0.0,0,0.0,147.0,0,0.0,31.0,0
1349,27.0,2.0,0,21.0,56.0,16,30.0,6.0,0
1350,30.0,6.0,0,27.0,2.0,0,30.0,56.0,0
1351,30.0,56.0,0,30.0,6.0,0,0.0,31.0,8
1352,0.0,31.0,8,30.0,56.0,0,40.0,4.0,0
1353,40.0,4.0,0,0.0,31.0,8,18.0,56.0,0
1354,5.0,0.0,28,54.0,2.0,8,19.0,6.0,16
1355,19.0,6.0,16,5.0,0.0,28,2.0,2.0,8
1356,2.0,2.0,8,19.0,6.0,16,51.0,25.0,8
1357,51.0,25.0,8,2.0,2.0,8,88.0,2.0,0
1358,0.0,6.0,0,214.0,56.0,0,16.0,114.0,0
1359,16.0,114.0,0,0.0,6.0,0,186.0,85.0,0
1360,186.0,85.0,0,16.0,114.0,0,1.0,114.0,0
1361,1.0,114.0,0,186.0,85.0,0,8.0,54.0,0
1362,8.0,54.0,0,1.0,114.0,0,41.0,31.0,0
1363,41.0,31.0,0,8.0,54.0,0,13.0,52.0,8
1364,13.0,52.0,8,41.0,31.0,0,9.0,0.0,0
1365,9.0,0.0,0,13.0,52.0,8,33.0,31.0,0
1366,0.0,0.0,0,49.0,29.0,0,-1.0,6.0,0
1367,-1.0,6.0,0,0.0,0.0,0,-2.0,0.0,0
1368,-2.0,0.0,0,-1.0,6.0,0,60.0,31.0,16
1369,60.0,31.0,16,-2.0,0.0,0,72.0,6.0,8
1370,72.0,6.0,8,60.0,31.0,16,20.0,2.0,0
1371,20.0,2.0,0,72.0,6.0,8,49.0,6.0,8
1372,49.0,6.0,8,20.0,2.0,0,13.0,0.0,16
1373,13.0,0.0,16,49.0,6.0,8,89.0,0.0,8
1374,0.0,-6.0,0,0.0,2.0,8,23.0,0.0,0
1375,23.0,0.0,0,0.0,-6.0,0,0.0,6.0,0
1376,0.0,6.0,0,23.0,0.0,0,0.0,31.0,0
1377,0.0,31.0,0,0.0,6.0,0,6.0,31.0,0
1378,6.0,31.0,0,0.0,31.0,0,25.0,83.0,0
1379,25.0,83.0,0,6.0,31.0,0,4.0,29.0,0
1380,4.0,29.0,0,25.0,83.0,0,16.0,56.0,8
1381,16.0,56.0,8,4.0,29.0,0,11.0,52.0,8
1382,0.0,27.0,0,0.0,2.0,0,47.0,27.0,0
1383,47.0,27.0,0,0.0,27.0,0,0.0,81.0,0
1384,0.0,81.0,0,47.0,27.0,0,-2.0,85.0,0
1385,-2.0,85.0,0,0.0,81.0,0,13.0,29.0,0
1386,13.0,29.0,0,-2.0,85.0,0,-2.0,83.0,0
1387,-2.0,83.0,0,13.0,29.0,0,15.0,6.0,0
1388,15.0,6.0,0,-2.0,83.0,0,0.0,27.0,0
1389,0.0,2.0,16,0.0,25.0,0,0.0,85.0,0
1390,0.0,54.0,8,0.0,81.0,0,9.0,31.0,8
1391,9.0,31.0,8,0.0,54.0,8,0.0,31.0,0
1392,0.0,31.0,0,9.0,31.0,8,2.0,54.0,0
1393,2.0,54.0,0,0.0,31.0,0,0.0,50.0,0
1394,0.0,50.0,0,2.0,54.0,0,1.0,31.0,0
1395,1.0,31.0,0,0.0,50.0,0,0.0,29.0,8
1396,0.0,0.0,0,5.0,25.0,0,4.0,0.0,0
1397,4.0,0.0,0,0.0,0.0,0,53.0,4.0,0
1398,53.0,4.0,0,4.0,0.0,0,0.0,2.0,0
1399,3.0,0.0,0,-2.0,0.0,8,43.0,0.0,0
1400,43.0,0.0,0,3.0,0.0,0,46.0,0.0,0
1401,46.0,0.0,0,43.0,0.0,0,2.0,0.0,0
1402,2.0,0.0,0,46.0,0.0,0,47.0,0.0,8
1403,47.0,0.0,8,2.0,0.0,0,11.0,0.0,0
1404,107.0,0.0,0,76.0,0.0,8,0.0,0.0,0
1405,0.0,0.0,0,107.0,0.0,0,13.0,0.0,0
1406,13.0,0.0,0,0.0,0.0,0,30.0,0.0,16
1407,30.0,0.0,16,13.0,0.0,0,75.0,0.0,28
1408,75.0,0.0,28,30.0,0.0,16,11.0,0.0,0
1409,11.0,0.0,0,75.0,0.0,28,5.0,0.0,16
1410,53.0,0.0,48,192.0,0.0,20,36.0,0.0,28
1411,36.0,0.0,28,53.0,0.0,48,-2.0,0.0,36
1412,-2.0,0.0,36,36.0,0.0,28,1.0,0.0,8
1413,1.0,0.0,8,-2.0,0.0,36,2.0,0.0,40
1414,2.0,0.0,40,1.0,0.0,8,151.0,0.0,28
1415,151.0,0.0,28,2.0,0.0,40,43.0,0.0,0
1416,43.0,0.0,0,151.0,0.0,28,15.0,0.0,8
1417,89.0,0.0,0,14.0,0.0,0,32.0,0.0,0
1418,32.0,0.0,0,89.0,0.0,0,15.0,0.0,0
1419,15.0,0.0,0,32.0,0.0,0,5.0,0.0,0
1420,5.0,0.0,0,15.0,0.0,0,2.0,0.0,0
1421,2.0,0.0,0,5.0,0.0,0,229.0,0.0,8
1422,229.0,0.0,8,2.0,0.0,0,40.0,0.0,8
1423,40.0,0.0,8,229.0,0.0,8,72.0,0.0,8
1424,27.0,0.0,8,12.0,0.0,16,70.0,0.0,0
1425,70.0,0.0,0,27.0,0.0,8,8.0,0.0,16
1426,8.0,0.0,16,70.0,0.0,0,1.0,0.0,0
1427,1.0,0.0,0,8.0,0.0,16,1.0,0.0,8
1428,1.0,0.0,8,1.0,0.0,0,52.0,0.0,0
1429,52.0,0.0,0,1.0,0.0,8,8.0,0.0,0
1430,8.0,0.0,0,52.0,0.0,0,-2.0,0.0,0
1431,0.0,56.0,0,0.0,31.0,0,17.0,6.0,8
1432,17.0,6.0,8,0.0,56.0,0,20.0,31.0,0
1433,20.0,31.0,0,17.0,6.0,8,-2.0,6.0,0
1434,-2.0,6.0,0,20.0,31.0,0,5.0,6.0,8
1435,5.0,6.0,8,-2.0,6.0,0,12.0,31.0,0
1436,12.0,31.0,0,5.0,6.0,8,41.0,4.0,8
1437,41.0,4.0,8,12.0,31.0,0,22.0,31.0,8
1438,21.0,0.0,0,87.0,0.0,8,90.0,0.0,0
1439,90.0,0.0,0,21.0,0.0,0,98.0,0.0,0
1440,98.0,0.0,0,90.0,0.0,0,62.0,25.0,0
1441,62.0,25.0,0,98.0,0.0,0,102.0,0.0,0
1442,102.0,0.0,0,62.0,25.0,0,2.0,0.0,16
1443,2.0,0.0,16,102.0,0.0,0,26.0,-2.0,0
1444,26.0,-2.0,0,2.0,0.0,16,142.0,0.0,0
1445,10.0,56.0,8,42.0,6.0,8,7.0,4.0,0
1446,7.0,4.0,0,10.0,56.0,8,3.0,2.0,0
1447,3.0,2.0,0,7.0,4.0,0,1.0,-6.0,0
1448,1.0,-6.0,0,3.0,2.0,0,102.0,2.0,8
1449,102.0,2.0,8,1.0,-6.0,0,5.0,50.0,0
1450,4.0,31.0,0,30.0,110.0,0,10.0,56.0,8
1451,10.0,56.0,8,4.0,31.0,0,46.0,31.0,0
1452,46.0,31.0,0,10.0,56.0,8,42.0,31.0,0
1453,42.0,31.0,0,46.0,31.0,0,0.0,85.0,0
1454,0.0,85.0,0,42.0,31.0,0,19.0,2.0,0
1455,0.0,56.0,0,42.0,31.0,0,0.0,114.0,0
1456,0.0,114.0,0,0.0,56.0,0,5.0,6.0,0
1457,5.0,6.0,0,0.0,114.0,0,0.0,50.0,0
1458,0.0,50.0,0,5.0,6.0,0,6.0,25.0,0
1459,0.0,31.0,0,4.0,27.0,0,0.0,56.0,0
1460,0.0,56.0,0,0.0,31.0,0,15.0,6.0,0
1461,15.0,6.0,0,0.0,56.0,0,10.0,31.0,0
1462,10.0,31.0,0,15.0,6.0,0,-1.0,4.0,8
1463,2.0,2.0,0,0.0,0.0,16,0.0,52.0,0
1464,0.0,52.0,0,2.0,2.0,0,11.0,2.0,0
1465,0.0,29.0,8,0.0,4.0,8,19.0,56.0,0
1466,19.0,56.0,0,0.0,29.0,8,2.0,2.0,8
1467,2.0,2.0,8,19.0,56.0,0,1.0,27.0,0
1468,1.0,27.0,0,2.0,2.0,8,0.0,0.0,0
1469,0.0,85.0,0,0.0,168.0,0,0.0,81.0,0
1470,0.0,81.0,0,0.0,85.0,0,0.0,79.0,0
1471,0.0,79.0,0,0.0,81.0,0,5.0,29.0,0
1472,0.0,31.0,0,0.0,31.0,0,10.0,6.0,0
1473,10.0,6.0,0,0.0,31.0,0,0.0,81.0,0
1474,0.0,81.0,0,10.0,6.0,0,1.0,4.0,0
1475,-2.0,56.0,0,0.0,0.0,0,2.0,0.0,0
1476,2.0,0.0,0,-2.0,56.0,0,0.0,2.0,0
1477,0.0,2.0,0,2.0,0.0,0,0.0,79.0,8
1478,0.0,79.0,8,0.0,2.0,0,0.0,4.0,0
1479,0.0,4.0,0,0.0,79.0,8,1.0,29.0,0
1480,110.0,0.0,8,7.0,0.0,8,117.0,0.0,0
1481,117.0,0.0,0,110.0,0.0,8,72.0,0.0,0
1482,72.0,0.0,0,117.0,0.0,0,1.0,0.0,0
1483,1.0,0.0,0,72.0,0.0,0,60.0,0.0,8
1484,60.0,0.0,8,1.0,0.0,0,4.0,0.0,0
1485,3.0,0.0,8,15.0,0.0,8,104.0,0.0,0
1486,104.0,0.0,0,3.0,0.0,8,41.0,0.0,0
1487,41.0,0.0,0,104.0,0.0,0,-2.0,0.0,0
1488,-2.0,0.0,0,41.0,0.0,0,-2.0,0.0,0
1489,-2.0,0.0,0,-2.0,0.0,0,-2.0,0.0,8
1490,11.0,0.0,0,66.0,0.0,0,3.0,0.0,0
1491,3.0,0.0,0,11.0,0.0,0,23.0,0.0,0
1492,23.0,0.0,0,3.0,0.0,0,27.0,0.0,0
1493,27.0,0.0,0,23.0,0.0,0,103.0,0.0,0
1494,103.0,0.0,0,27.0,0.0,0,104.0,0.0,0
1495,44.0,0.0,28,59.0,0.0,12,2.0,0.0,0
1496,2.0,0.0,0,44.0,0.0,28,6.0,0.0,0
1497,6.0,0.0,0,2.0,0.0,0,4.0,0.0,24
1498,4.0,0.0,24,6.0,0.0,0,48.0,0.0,8
1499,48.0,0.0,8,4.0,0.0,24,19.0,0.0,0
1500,52.0,4.0,0,6.0,0.0,0,42.0,0.0,0
1501,42.0,0.0,0,52.0,4.0,0,49.0,2.0,0
1502,49.0,2.0,0,42.0,0.0,0,31.0,0.0,0
1503,42.0,0.0,0,15.0,0.0,0,4.0,0.0,0
1504,4.0,0.0,0,154.0,0.0,0,24.0,0.0,0
1505,24.0,0.0,0,4.0,0.0,0,34.0,0.0,16
1506,34.0,0.0,16,24.0,0.0,0,95.0,0.0,0
1507,95.0,0.0,0,34.0,0.0,16,108.0,0.0,8
1508,108.0,0.0,8,95.0,0.0,0,21.0,6.0,0
1509,21.0,6.0,0,108.0,0.0,8,42.0,0.0,0
1510,42.0,0.0,0,21.0,6.0,0,88.0,0.0,0
1511,88.0,0.0,0,42.0,0.0,0,1.0,0.0,8
1512,-2.0,0.0,0,51.0,0.0,0,-2.0,0.0,0
1513,-2.0,0.0,0,-2.0,0.0,0,5.0,0.0,0
1514,5.0,0.0,0,-2.0,0.0,0,100.0,0.0,0
1515,100.0,0.0,0,5.0,0.0,0,8.0,0.0,0
1516,8.0,0.0,0,100.0,0.0,0,3.0,0.0,0
1517,3.0,0.0,0,8.0,0.0,0,18.0,0.0,0
1518,18.0,0.0,0,3.0,0.0,0,8.0,0.0,8
1519,8.0,0.0,8,18.0,0.0,0,94.0,0.0,0
1520,81.0,0.0,8,45.0,0.0,0,86.0,0.0,0
1521,86.0,0.0,0,81.0,0.0,8,9.0,0.0,0
1522,9.0,0.0,0,86.0,0.0,0,88.0,0.0,0
1523,88.0,0.0,0,9.0,0.0,0,86.0,0.0,8
1524,86.0,0.0,8,88.0,0.0,0,-3.0,0.0,0
1525,-3.0,0.0,0,86.0,0.0,8,-3.0,0.0,0
1526,-3.0,0.0,0,-3.0,0.0,0,32.0,0.0,8
1527,32.0,0.0,8,-3.0,0.0,0,31.0,0.0,0
1528,82.0,0.0,16,18.0,0.0,8,96.0,0.0,0
1529,96.0,0.0,0,82.0,0.0,16,131.0,0.0,0
1530,131.0,0.0,0,96.0,0.0,0,36.0,0.0,0
1531,36.0,0.0,0,131.0,0.0,0,156.0,0.0,16
1532,156.0,0.0,16,36.0,0.0,0,-2.0,0.0,0
1533,-2.0,0.0,0,156.0,0.0,16,144.0,0.0,8
1534,144.0,0.0,8,-2.0,0.0,0,24.0,0.0,0
1535,13.0,0.0,8,24.0,0.0,8,53.0,0.0,0
1536,53.0,0.0,0,13.0,0.0,8,44.0,0.0,0
1537,44.0,0.0,0,53.0,0.0,0,37.0,0.0,0
1538,37.0,0.0,0,44.0,0.0,0,2.0,0.0,0
1539,2.0,0.0,0,37.0,0.0,0,17.0,0.0,0
1540,17.0,0.0,0,2.0,0.0,0,60.0,0.0,0
1541,60.0,0.0,0,17.0,0.0,0,31.0,0.0,0
1542,10.0,56.0,0,13.0,56.0,0,78.0,27.0,8
1543,78.0,27.0,8,10.0,56.0,0,51.0,112.0,0
1544,51.0,112.0,0,78.0,27.0,8,3.0,0.0,0
1545,3.0,0.0,0,51.0,112.0,0,2.0,21.0,0
1546,2.0,21.0,0,3.0,0.0,0,-2.0,0.0,0
1547,-2.0,0.0,0,2.0,21.0,0,2.0,2.0,0
1548,2.0,2.0,0,-2.0,0.0,0,1.0,2.0,8
1549,17.0,19.0,16,10.0,52.0,0,10.0,81.0,0
1550,10.0,81.0,0,17.0,19.0,16,24.0,-2.0,0
1551,3.0,6.0,0,-2.0,77.0,0,3.0,27.0,8
1552,3.0,27.0,8,3.0,6.0,0,77.0,0.0,0
1553,77.0,0.0,0,3.0,27.0,8,6.0,52.0,8
1554,6.0,52.0,8,77.0,0.0,0,96.0,56.0,0
1555,96.0,56.0,0,6.0,52.0,8,0.0,2.0,8
1556,14.0,6.0,0,6.0,27.0,8,47.0,29.0,0
1557,47.0,29.0,0,14.0,6.0,0,42.0,27.0,0
1558,42.0,27.0,0,47.0,29.0,0,7.0,25.0,8
1559,7.0,25.0,8,42.0,27.0,0,48.0,4.0,0
1560,48.0,4.0,0,7.0,25.0,8,0.0,56.0,0
1561,0.0,56.0,0,48.0,4.0,0,0.0,85.0,8
1562,62.0,0.0,0,3.0,4.0,0,6.0,2.0,0
1563,6.0,2.0,0,62.0,0.0,0,55.0,0.0,0
1564,55.0,0.0,0,6.0,2.0,0,-2.0,0.0,0
1565,-2.0,0.0,0,55.0,0.0,0,6.0,56.0,0
1566,7.0,54.0,0,7.0,25.0,0,14.0,2.0,0
1567,14.0,2.0,0,7.0,54.0,0,0.0,147.0,8
1568,0.0,147.0,8,14.0,2.0,0,0.0,85.0,0
1569,-3.0,2.0,0,0.0,6.0,0,1.0,2.0,0
1570,1.0,2.0,0,-3.0,2.0,0,0.0,56.0,0
1571,0.0,56.0,0,1.0,2.0,0,5.0,31.0,0
1572,5.0,31.0,0,0.0,56.0,0,0.0,85.0,0
1573,0.0,83.0,0,5.0,54.0,8,2.0,81.0,0
1574,2.0,81.0,0,0.0,83.0,0,26.0,29.0,8
1575,26.0,29.0,8,2.0,81.0,0,0.0,81.0,0
1576,0.0,81.0,0,26.0,29.0,8,1.0,27.0,0
1577,1.0,27.0,0,0.0,81.0,0,4.0,6.0,0
1578,4.0,6.0,0,1.0,27.0,0,35.0,27.0,0
1579,35.0,27.0,0,4.0,6.0,0,69.0,54.0,0
1580,69.0,54.0,0,35.0,27.0,0,0.0,56.0,0
1581,0.0,56.0,8,0.0,27.0,0,0.0,2.0,8
1582,0.0,2.0,8,0.0,56.0,8,0.0,6.0,0
1583,0.0,6.0,0,0.0,2.0,8,0.0,0.0,0
1584,0.0,0.0,0,0.0,6.0,0,1.0,56.0,0
1585,1.0,56.0,0,0.0,0.0,0,-2.0,25.0,0
1586,-2.0,25.0,0,1.0,56.0,0,1.0,4.0,0
1587,1.0,4.0,0,-2.0,25.0,0,0.0,6.0,0
1588,0.0,4.0,0,0.0,50.0,0,0.0,50.0,8
1589,0.0,50.0,8,0.0,4.0,0,0.0,6.0,0
1590,57.0,4.0,0,27.0,0.0,0,1.0,-4.0,0
1591,1.0,-4.0,0,57.0,4.0,0,51.0,0.0,0
1592,51.0,0.0,0,1.0,-4.0,0,212.0,0.0,0
1593,212.0,0.0,0,51.0,0.0,0,-2.0,0.0,0
1594,-2.0,0.0,0,212.0,0.0,0,137.0,0.0,0
1595,137.0,0.0,0,-2.0,0.0,0,21.0,0.0,0
1596,41.0,4.0,0,27.0,0.0,28,58.0,2.0,0
1597,58.0,2.0,0,41.0,4.0,0,22.0,27.0,0
1598,22.0,27.0,0,58.0,2.0,0,33.0,2.0,16
1599,33.0,2.0,16,22.0,27.0,0,7.0,0.0,0
1600,7.0,0.0,0,33.0,2.0,16,2.0,0.0,8
1601,2.0,0.0,8,7.0,0.0,0,7.0,6.0,16
1602,15.0,0.0,8,-2.0,0.0,0,-8.0,0.0,0
1603,-8.0,0.0,0,15.0,0.0,8,12.0,0.0,0
1604,12.0,0.0,0,-8.0,0.0,0,107.0,0.0,0
1605,107.0,0.0,0,12.0,0.0,0,-2.0,0.0,0
1606,-2.0,0.0,0,107.0,0.0,0,-2.0,0.0,0
1607,-2.0,0.0,0,-2.0,0.0,0,68.0,0.0,0
1608,45.0,0.0,0,34.0,0.0,0,52.0,0.0,8
1609,52.0,0.0,8,45.0,0.0,0,48.0,0.0,0
1610,48.0,0.0,0,52.0,0.0,8,32.0,0.0,16
1611,32.0,0.0,16,48.0,0.0,0,22.0,0.0,16
1612,22.0,0.0,16,32.0,0.0,16,36.0,0.0,8
1613,-1.0,0.0,0,3.0,0.0,0,159.0,0.0,0
1614,159.0,0.0,0,-1.0,0.0,0,35.0,0.0,0
1615,35.0,0.0,0,159.0,0.0,0,69.0,0.0,0
1616,-2.0,0.0,36,53.0,0.0,28,41.0,0.0,16
1617,41.0,0.0,16,-2.0,0.0,36,14.0,0.0,0
1618,14.0,0.0,0,41.0,0.0,16,9.0,0.0,28
1619,9.0,0.0,28,14.0,0.0,0,19.0,0.0,8
1620,19.0,0.0,8,9.0,0.0,28,2.0,0.0,0
1621,2.0,0.0,0,19.0,0.0,8,48.0,0.0,28
1622,48.0,0.0,28,2.0,0.0,0,16.0,0.0,16
1623,16.0,0.0,16,48.0,0.0,28,5.0,0.0,36
1624,40.0,0.0,8,11.0,2.0,8,1.0,0.0,0
1625,1.0,0.0,0,40.0,0.0,8,5.0,0.0,0
1626,5.0,0.0,0,1.0,0.0,0,10.0,0.0,0
1627,10.0,0.0,0,5.0,0.0,0,38.0,6.0,8
1628,38.0,6.0,8,10.0,0.0,0,37.0,6.0,0
1629,37.0,6.0,0,38.0,6.0,8,2.0,0.0,8
1630,2.0,0.0,8,37.0,6.0,0,16.0,0.0,8
1631,16.0,0.0,8,2.0,0.0,8,-2.0,0.0,0
1632,-1.0,0.0,8,7.0,0.0,0,-2.0,0.0,0
1633,-2.0,0.0,0,-1.0,0.0,8,26.0,0.0,0
1634,26.0,0.0,0,-2.0,0.0,0,24.0,4.0,0
1635,24.0,4.0,0,26.0,0.0,0,2.0,2.0,8
1636,33.0,0.0,0,39.0,0.0,0,52.0,0.0,0
1637,52.0,0.0,0,33.0,0.0,0,25.0,0.0,0
1638,25.0,0.0,0,52.0,0.0,0,53.0,0.0,0
1639,53.0,0.0,0,25.0,0.0,0,79.0,0.0,8
1640,79.0,0.0,8,53.0,0.0,0,5.0,0.0,0
1641,5.0,0.0,0,79.0,0.0,8,7.0,0.0,0
1642,7.0,0.0,0,5.0,0.0,0,54.0,0.0,0
1643,2.0,50.0,0,81.0,25.0,16,25.0,54.0,0
1644,25.0,54.0,0,2.0,50.0,0,21.0,85.0,0
1645,21.0,85.0,0,25.0,54.0,0,0.0,2.0,8
1646,0.0,2.0,8,21.0,85.0,0,0.0,56.0,8
1647,0.0,56.0,8,0.0,2.0,8,9.0,29.0,0
1648,13.0,0.0,0,29.0,0.0,0,2.0,0.0,0
1649,2.0,0.0,0,13.0,0.0,0,-4.0,0.0,8
1650,-4.0,0.0,8,2.0,0.0,0,5.0,0.0,8
1651,5.0,0.0,8,-4.0,0.0,8,53.0,54.0,0
1652,53.0,54.0,0,5.0,0.0,8,63.0,2.0,0
1653,63.0,2.0,0,53.0,54.0,0,13.0,0.0,8
1654,4.0,114.0,0,47.0,85.0,8,1.0,25.0,0
1655,1.0,25.0,0,4.0,114.0,0,4.0,0.0,0
1656,4.0,0.0,0,1.0,25.0,0,79.0,56.0,16
1657,79.0,56.0,16,4.0,0.0,0,7.0,4.0,8
1658,7.0,4.0,8,79.0,56.0,16,85.0,27.0,0
1659,85.0,27.0,0,7.0,4.0,8,0.0,50.0,0
1660,0.0,50.0,0,85.0,27.0,0,0.0,52.0,0
1661,0.0,52.0,0,0.0,50.0,0,1.0,114.0,0
1662,1.0,83.0,0,6.0,29.0,8,0.0,48.0,0
1663,0.0,48.0,0,1.0,83.0,0,12.0,31.0,0
1664,12.0,31.0,0,0.0,48.0,0,-5.0,114.0,0
1665,-5.0,114.0,0,12.0,31.0,0,-2.0,31.0,0
1666,-2.0,31.0,0,-5.0,114.0,0,0.0,145.0,8
1667,0.0,145.0,8,-2.0,31.0,0,0.0,56.0,0
1668,0.0,56.0,0,0.0,145.0,8,11.0,6.0,0
1669,32.0,29.0,0,24.0,6.0,0,19.0,-6.0,0
1670,19.0,-6.0,0,32.0,29.0,0,-2.0,29.0,0
1671,-2.0,29.0,0,19.0,-6.0,0,14.0,29.0,0
1672,14.0,29.0,0,-2.0,29.0,0,8.0,31.0,8
1673,8.0,31.0,8,14.0,29.0,0,0.0,83.0,8
1674,0.0,83.0,8,8.0,31.0,8,0.0,31.0,8
1675,0.0,27.0,8,-2.0,25.0,0,0.0,85.0,0
1676,1.0,31.0,0,-2.0,2.0,0,6.0,54.0,0
1677,6.0,54.0,0,1.0,31.0,0,-2.0,27.0,0
1678,-2.0,27.0,0,6.0,54.0,0,0.0,6.0,0
1679,1.0,79.0,0,15.0,114.0,8,2.0,31.0,0
1680,2.0,31.0,0,1.0,79.0,0,-2.0,27.0,0
1681,-2.0,27.0,0,2.0,31.0,0,-2.0,4.0,0
1682,-2.0,4.0,0,-2.0,27.0,0,0.0,54.0,0
1683,0.0,54.0,0,-2.0,4.0,0,0.0,25.0,0
1684,1.0,56.0,0,92.0,54.0,0,6.0,54.0,0
1685,6.0,54.0,0,1.0,56.0,0,2.0,56.0,0
1686,2.0,56.0,0,6.0,54.0,0,0.0,25.0,8
1687,0.0,25.0,8,2.0,56.0,0,0.0,114.0,8
1688,0.0,31.0,0,5.0,85.0,0,0.0,0.0,8
1689,0.0,0.0,8,0.0,31.0,0,0.0,85.0,8
1690,0.0,85.0,8,0.0,0.0,8,7.0,31.0,0
1691,7.0,31.0,0,0.0,85.0,8,0.0,2.0,0
1692,0.0,2.0,0,7.0,31.0,0,0.0,56.0,0
1693,0.0,56.0,0,0.0,2.0,0,0.0,56.0,0
1694,0.0,56.0,0,0.0,56.0,0,2.0,56.0,0
1695,0.0,0.0,0,8.0,0.0,0,20.0,0.0,8
1696,20.0,0.0,8,0.0,0.0,0,68.0,0.0,0
1697,68.0,0.0,0,20.0,0.0,8,15.0,0.0,8
1698,15.0,0.0,8,68.0,0.0,0,65.0,0.0,8
1699,65.0,0.0,8,15.0,0.0,8,207.0,0.0,0
1700,207.0,0.0,0,65.0,0.0,8,65.0,0.0,8
1701,-2.0,0.0,8,10.0,0.0,0,45.0,0.0,8
1702,45.0,0.0,8,-2.0,0.0,8,126.0,0.0,0
1703,126.0,0.0,0,45.0,0.0,8,-2.0,0.0,0
1704,-2.0,0.0,0,126.0,0.0,0,13.0,0.0,8
1705,13.0,0.0,8,-2.0,0.0,0,67.0,0.0,16
1706,67.0,0.0,16,13.0,0.0,8,60.0,0.0,16
1707,4.0,0.0,0,1.0,2.0,8,38.0,31.0,8
1708,38.0,31.0,8,4.0,0.0,0,5.0,31.0,8
1709,5.0,31.0,8,38.0,31.0,8,117.0,0.0,0
1710,117.0,0.0,0,5.0,31.0,8,76.0,27.0,8
1711,76.0,27.0,8,117.0,0.0,0,12.0,4.0,0
1712,109.0,0.0,16,6.0,0.0,8,20.0,0.0,0
1713,20.0,0.0,0,109.0,0.0,16,24.0,0.0,36
1714,24.0,0.0,36,20.0,0.0,0,-1.0,0.0,8
1715,-1.0,0.0,8,24.0,0.0,36,24.0,0.0,8
1716,24.0,0.0,8,-1.0,0.0,8,19.0,0.0,28
1717,19.0,0.0,28,24.0,0.0,8,15.0,0.0,0
1718,17.0,0.0,0,4.0,0.0,8,26.0,0.0,8
1719,26.0,0.0,8,17.0,0.0,0,13.0,0.0,8
1720,13.0,0.0,8,26.0,0.0,8,69.0,0.0,0
1721,69.0,0.0,0,13.0,0.0,8,7.0,0.0,0
1722,7.0,0.0,0,69.0,0.0,0,28.0,0.0,0
1723,16.0,0.0,0,3.0,0.0,8,10.0,2.0,0
1724,10.0,2.0,0,16.0,0.0,0,63.0,0.0,0
1725,63.0,0.0,0,10.0,2.0,0,181.0,4.0,0
1726,181.0,4.0,0,63.0,0.0,0,-2.0,0.0,8
1727,-2.0,0.0,8,181.0,4.0,0,0.0,25.0,0
1728,-3.0,0.0,0,19.0,0.0,16,3.0,0.0,0
1729,3.0,0.0,0,-3.0,0.0,0,5.0,0.0,8
1730,5.0,0.0,8,3.0,0.0,0,140.0,0.0,0
1731,140.0,0.0,0,5.0,0.0,8,24.0,0.0,0
1732,24.0,0.0,0,140.0,0.0,0,103.0,0.0,8
1733,103.0,0.0,8,24.0,0.0,0,2.0,0.0,8
1734,-2.0,0.0,0,1.0,0.0,8,20.0,0.0,16
1735,20.0,0.0,16,-2.0,0.0,0,6.0,0.0,8
1736,6.0,0.0,8,20.0,0.0,16,2.0,0.0,0
1737,2.0,0.0,0,6.0,0.0,8,3.0,0.0,0
1738,3.0,0.0,0,2.0,0.0,0,49.0,0.0,0
1739,93.0,0.0,0,71.0,0.0,0,-2.0,0.0,0
1740,-2.0,0.0,0,93.0,0.0,0,16.0,0.0,0
1741,16.0,0.0,0,-2.0,0.0,0,25.0,0.0,8
1742,25.0,0.0,8,16.0,0.0,0,76.0,0.0,0
1743,71.0,0.0,8,89.0,0.0,16,23.0,0.0,0
1744,23.0,0.0,0,71.0,0.0,8,18.0,0.0,0
1745,18.0,0.0,0,23.0,0.0,0,26.0,0.0,28
1746,26.0,0.0,28,18.0,0.0,0,46.0,0.0,8
1747,2.0,56.0,16,-2.0,31.0,0,5.0,56.0,0
1748,5.0,56.0,0,2.0,56.0,16,1.0,31.0,0
1749,1.0,31.0,0,5.0,56.0,0,0.0,172.0,0
1750,0.0,172.0,0,1.0,31.0,0,5.0,27.0,0
1751,5.0,27.0,0,0.0,172.0,0,71.0,83.0,8
1752,71.0,83.0,8,5.0,27.0,0,8.0,29.0,0
1753,30.0,2.0,0,1.0,31.0,8,50.0,27.0,0
1754,50.0,27.0,0,30.0,2.0,0,2.0,4.0,8
1755,2.0,4.0,8,50.0,27.0,0,65.0,54.0,0
1756,65.0,54.0,0,2.0,4.0,8,70.0,0.0,0
1757,70.0,0.0,0,65.0,54.0,0,55.0,25.0,8
1758,55.0,25.0,8,70.0,0.0,0,15.0,27.0,0
1759,26.0,6.0,0,67.0,0.0,0,1.0,0.0,0
1760,1.0,0.0,0,26.0,6.0,0,-2.0,85.0,8
1761,-2.0,85.0,8,1.0,0.0,0,0.0,31.0,8
1762,0.0,31.0,8,-2.0,85.0,8,77.0,0.0,8
1763,77.0,0.0,8,0.0,31.0,8,3.0,23.0,0
1764,3.0,23.0,0,77.0,0.0,8,47.0,54.0,0
1765,-2.0,0.0,0,-3.0,0.0,8,-5.0,0.0,16
1766,-5.0,0.0,16,-2.0,0.0,0,-2.0,0.0,16
1767,-2.0,0.0,16,-5.0,0.0,16,81.0,0.0,0
1768,81.0,0.0,0,-2.0,0.0,16,6.0,0.0,0
1769,6.0,0.0,0,81.0,0.0,0,0.0,0.0,0
1770,0.0,0.0,0,6.0,0.0,0,47.0,0.0,16
1771,46.0,29.0,0,108.0,0.0,0,102.0,25.0,8
1772,102.0,25.0,8,46.0,29.0,0,-1.0,0.0,0
1773,-1.0,0.0,0,102.0,25.0,8,90.0,29.0,8
1774,90.0,29.0,8,-1.0,0.0,0,31.0,0.0,8
1775,31.0,0.0,8,90.0,29.0,8,19.0,0.0,8
1776,19.0,0.0,8,31.0,0.0,8,49.0,4.0,0
1777,8.0,-2.0,8,-2.0,110.0,16,3.0,112.0,8
1778,3.0,112.0,8,8.0,-2.0,8,-2.0,0.0,0
1779,-2.0,0.0,0,3.0,112.0,8,23.0,85.0,0
1780,23.0,85.0,0,-2.0,0.0,0,1.0,31.0,0
1781,1.0,31.0,0,23.0,85.0,0,1.0,83.0,0
1782,1.0,83.0,0,1.0,31.0,0,46.0,50.0,8
1783,99.0,79.0,8,45.0,114.0,0,0.0,54.0,0
1784,0.0,54.0,0,99.0,79.0,8,25.0,25.0,0
1785,25.0,25.0,0,0.0,54.0,0,7.0,54.0,0
1786,7.0,54.0,0,25.0,25.0,0,11.0,29.0,0
1787,11.0,29.0,0,7.0,54.0,0,5.0,25.0,8
1788,5.0,25.0,8,11.0,29.0,0,31.0,27.0,0
1789,3.0,25.0,0,1.0,29.0,0,0.0,31.0,0
1790,0.0,31.0,0,3.0,25.0,0,4.0,0.0,0
1791,4.0,0.0,0,0.0,31.0,0,0.0,29.0,16
1792,0.0,29.0,16,4.0,0.0,0,-4.0,31.0,0
1793,-4.0,31.0,0,0.0,29.0,16,3.0,4.0,0
1794,3.0,4.0,0,-4.0,31.0,0,1.0,29.0,0
1795,2.0,27.0,0,4.0,25.0,0,0.0,31.0,0
1796,0.0,31.0,0,2.0,27.0,0,7.0,29.0,0
1797,7.0,29.0,0,0.0,31.0,0,0.0,56.0,0
1798,0.0,56.0,0,7.0,29.0,0,7.0,81.0,8
1799,7.0,81.0,8,0.0,56.0,0,3.0,27.0,0
1800,10.0,56.0,0,30.0,85.0,0,41.0,114.0,0
1801,41.0,114.0,0,10.0,56.0,0,0.0,6.0,0
1802,0.0,6.0,0,41.0,114.0,0,0.0,31.0,8
1803,0.0,31.0,8,0.0,6.0,0,1.0,56.0,0
1804,17.0,25.0,0,-1.0,31.0,0,8.0,27.0,0
1805,8.0,27.0,0,17.0,25.0,0,0.0,79.0,0
1806,9.0,85.0,8,0.0,31.0,0,0.0,56.0,0
1807,0.0,56.0,0,9.0,85.0,8,19.0,31.0,0
1808,19.0,31.0,0,0.0,56.0,0,0.0,2.0,0
1809,0.0,2.0,0,19.0,31.0,0,0.0,0.0,0
1810,0.0,0.0,0,0.0,2.0,0,0.0,2.0,0
1811,0.0,2.0,0,0.0,0.0,0,3.0,56.0,0
1812,93.0,0.0,0,-2.0,0.0,0,8.0,0.0,8
1813,8.0,0.0,8,93.0,0.0,0,1.0,0.0,0
1814,1.0,0.0,0,8.0,0.0,8,132.0,0.0,0
1815,132.0,0.0,0,1.0,0.0,0,9.0,0.0,0
1816,9.0,0.0,0,132.0,0.0,0,185.0,0.0,8
1817,185.0,0.0,8,9.0,0.0,0,1.0,0.0,0
1818,44.0,0.0,0,15.0,0.0,0,5.0,0.0,8
1819,5.0,0.0,8,44.0,0.0,0,-2.0,0.0,0
1820,-2.0,0.0,0,5.0,0.0,8,80.0,0.0,8
1821,80.0,0.0,8,-2.0,0.0,0,101.0,4.0,0
1822,101.0,4.0,0,80.0,0.0,8,79.0,27.0,8
1823,79.0,27.0,8,101.0,4.0,0,10.0,0.0,0
1824,-2.0,0.0,16,7.0,0.0,16,3.0,0.0,0
1825,3.0,0.0,0,-2.0,0.0,16,4.0,0.0,8
1826,4.0,0.0,8,3.0,0.0,0,19.0,0.0,0
1827,19.0,0.0,0,4.0,0.0,8,1.0,0.0,8
1828,9.0,0.0,16,39.0,0.0,0,55.0,0.0,0
1829,55.0,0.0,0,9.0,0.0,16,3.0,0.0,16
1830,3.0,0.0,16,55.0,0.0,0,49.0,0.0,0
1831,10.0,0.0,0,64.0,0.0,40,127.0,0.0,40
1832,127.0,0.0,40,10.0,0.0,0,2.0,0.0,8
1833,2.0,0.0,8,127.0,0.0,40,1.0,0.0,20
1834,1.0,0.0,20,2.0,0.0,8,67.0,0.0,0
1835,67.0,0.0,0,1.0,0.0,20,32.0,0.0,0
1836,32.0,0.0,0,67.0,0.0,0,37.0,0.0,28
1837,39.0,0.0,16,31.0,0.0,0,5.0,0.0,0
1838,5.0,0.0,0,39.0,0.0,16,-1.0,0.0,8
1839,-1.0,0.0,8,5.0,0.0,0,14.0,0.0,8
1840,14.0,0.0,8,-1.0,0.0,8,13.0,0.0,0
1841,13.0,0.0,0,14.0,0.0,8,-2.0,0.0,0
1842,-2.0,0.0,0,13.0,0.0,0,25.0,0.0,0
1843,25.0,0.0,0,-2.0,0.0,0,65.0,0.0,0
1844,77.0,0.0,0,4.0,0.0,8,33.0,-2.0,8
1845,33.0,-2.0,8,77.0,0.0,0,6.0,0.0,8
1846,6.0,0.0,8,33.0,-2.0,8,170.0,0.0,0
1847,170.0,0.0,0,6.0,0.0,8,10.0,0.0,0
1848,10.0,0.0,0,170.0,0.0,0,5.0,0.0,8
1849,5.0,0.0,8,10.0,0.0,0,16.0,31.0,0
1850,16.0,31.0,0,5.0,0.0,8,-2.0,29.0,0
1851,12.0,0.0,0,-1.0,2.0,0,2.0,0.0,0
1852,2.0,0.0,0,12.0,0.0,0,29.0,0.0,8
1853,29.0,0.0,8,2.0,0.0,0,6.0,0.0,0
1854,6.0,0.0,0,29.0,0.0,8,48.0,0.0,16
1855,48.0,0.0,16,6.0,0.0,0,13.0,85.0,0
1856,13.0,85.0,0,48.0,0.0,16,-2.0,31.0,0
1857,-2.0,31.0,0,13.0,85.0,0,10.0,54.0,0
1858,41.0,0.0,28,8.0,0.0,16,-2.0,0.0,28
1859,-2.0,0.0,28,41.0,0.0,28,39.0,0.0,8
1860,39.0,0.0,8,-2.0,0.0,28,15.0,0.0,16
1861,15.0,0.0,16,39.0,0.0,8,47.0,0.0,16
1862,47.0,0.0,16,15.0,0.0,16,173.0,0.0,8
1863,173.0,0.0,8,47.0,0.0,16,-2.0,0.0,0
1864,-2.0,0.0,0,173.0,0.0,8,17.0,0.0,0
1865,10.0,0.0,0,16.0,0.0,8,-2.0,0.0,0
1866,-2.0,0.0,0,10.0,0.0,0,19.0,0.0,0
1867,19.0,0.0,0,-2.0,0.0,0,-2.0,0.0,8
1868,-2.0,0.0,8,19.0,0.0,0,98.0,0.0,8
1869,98.0,0.0,8,-2.0,0.0,8,30.0,0.0,28
1870,30.0,0.0,28,98.0,0.0,8,29.0,0.0,8
1871,29.0,0.0,8,30.0,0.0,28,118.0,0.0,0
1872,21.0,0.0,8,3.0,0.0,8,-2.0,0.0,0
1873,-2.0,0.0,0,21.0,0.0,8,19.0,0.0,8
1874,-2.0,0.0,0,1.0,31.0,8,8.0,6.0,0
1875,8.0,6.0,0,-2.0,0.0,0,92.0,56.0,0
1876,92.0,56.0,0,8.0,6.0,0,11.0,0.0,0
1877,11.0,0.0,0,92.0,56.0,0,13.0,29.0,0
1878,13.0,29.0,0,11.0,0.0,0,78.0,31.0,0
1879,78.0,31.0,0,13.0,29.0,0,3.0,6.0,0
1880,3.0,6.0,0,78.0,31.0,0,56.0,31.0,8
1881,10.0,56.0,0,12.0,54.0,0,2.0,29.0,8
1882,2.0,29.0,8,10.0,56.0,0,21.0,114.0,0
1883,21.0,114.0,0,2.0,29.0,8,0.0,29.0,8
1884,38.0,31.0,0,15.0,31.0,0,46.0,85.0,0
1885,46.0,85.0,0,38.0,31.0,0,5.0,29.0,0
1886,5.0,29.0,0,46.0,85.0,0,23.0,114.0,0
1887,23.0,114.0,0,5.0,29.0,0,13.0,0.0,0
1888,13.0,0.0,0,23.0,114.0,0,1.0,6.0,0
1889,1.0,6.0,0,13.0,0.0,0,0.0,54.0,8
1890,18.0,4.0,0,-3.0,0.0,8,-2.0,6.0,0
1891,0.0,56.0,0,0.0,31.0,0,0.0,6.0,0
1892,0.0,6.0,0,0.0,56.0,0,0.0,4.0,8
1893,39.0,85.0,0,1.0,31.0,8,23.0,85.0,0
1894,23.0,85.0,0,39.0,85.0,0,2.0,2.0,8
1895,2.0,2.0,8,23.0,85.0,0,-2.0,29.0,0
1896,-2.0,29.0,0,2.0,2.0,8,3.0,56.0,0
1897,3.0,56.0,0,-2.0,29.0,0,11.0,6.0,0
1898,33.0,0.0,16,39.0,0.0,0,1.0,0.0,8
1899,1.0,0.0,8,33.0,0.0,16,20.0,0.0,8
1900,20.0,0.0,8,1.0,0.0,8,9.0,0.0,0
1901,9.0,0.0,0,20.0,0.0,8,1.0,0.0,0
1902,1.0,0.0,0,9.0,0.0,0,69.0,4.0,8
1903,69.0,4.0,8,1.0,0.0,0,21.0,2.0,0
1904,1.0,0.0,0,2.0,0.0,0,10.0,0.0,0
1905,10.0,0.0,0,1.0,0.0,0,5.0,0.0,0
1906,5.0,0.0,0,10.0,0.0,0,18.0,0.0,0
1907,100.0,6.0,8,96.0,0.0,8,15.0,4.0,8
1908,15.0,4.0,8,100.0,6.0,8,20.0,4.0,0
1909,20.0,4.0,0,15.0,4.0,8,29.0,0.0,0
1910,29.0,0.0,0,20.0,4.0,0,-4.0,0.0,0
1911,-4.0,0.0,0,29.0,0.0,0,18.0,0.0,0
1912,18.0,0.0,0,-4.0,0.0,0,10.0,0.0,0
1913,135.0,0.0,0,4.0,0.0,8,63.0,0.0,8
1914,63.0,0.0,8,135.0,0.0,0,59.0,0.0,28
1915,59.0,0.0,28,63.0,0.0,8,26.0,0.0,8
1916,26.0,0.0,8,59.0,0.0,28,4.0,0.0,0
1917,4.0,0.0,0,26.0,0.0,8,9.0,0.0,16
1918,9.0,0.0,16,4.0,0.0,0,-2.0,0.0,8
1919,13.0,79.0,0,12.0,6.0,8,23.0,0.0,0
1920,23.0,0.0,0,13.0,79.0,0,41.0,-4.0,8
1921,41.0,-4.0,8,23.0,0.0,0,6.0,31.0,0
1922,6.0,31.0,0,41.0,-4.0,8,19.0,0.0,0
1923,19.0,0.0,0,6.0,31.0,0,16.0,0.0,0
1924,16.0,0.0,0,19.0,0.0,0,26.0,0.0,0
1925,22.0,25.0,8,4.0,31.0,0,41.0,56.0,0
1926,41.0,56.0,0,22.0,25.0,8,5.0,56.0,8
1927,5.0,56.0,8,41.0,56.0,0,2.0,4.0,16
1928,2.0,4.0,16,5.0,56.0,8,18.0,31.0,8
1929,18.0,31.0,8,2.0,4.0,16,88.0,31.0,0
1930,3.0,31.0,0,61.0,56.0,8,0.0,56.0,8
1931,0.0,56.0,8,3.0,31.0,0,11.0,4.0,0
1932,11.0,4.0,0,0.0,56.0,8,7.0,54.0,0
1933,7.0,54.0,0,11.0,4.0,0,-5.0,0.0,0
1934,-5.0,0.0,0,7.0,54.0,0,70.0,27.0,0
1935,70.0,27.0,0,-5.0,0.0,0,104.0,79.0,0
1936,57.0,2.0,0,23.0,0.0,0,2.0,0.0,0
1937,0.0,29.0,0,4.0,0.0,0,2.0,6.0,0
1938,2.0,6.0,0,0.0,29.0,0,1.0,4.0,0
1939,1.0,4.0,0,2.0,6.0,0,1.0,2.0,0
1940,1.0,2.0,0,1.0,4.0,0,12.0,27.0,0
1941,12.0,27.0,0,1.0,2.0,0,3.0,56.0,8
1942,6.0,27.0,0,-2.0,85.0,0,0.0,31.0,0
1943,0.0,31.0,0,6.0,27.0,0,20.0,114.0,0
1944,20.0,114.0,0,0.0,31.0,0,13.0,50.0,0
1945,13.0,50.0,0,20.0,114.0,0,13.0,0.0,0
1946,13.0,0.0,0,13.0,50.0,0,2.0,27.0,0
1947,2.0,27.0,0,13.0,0.0,0,-2.0,2.0,0
1948,2.0,114.0,0,13.0,0.0,0,47.0,56.0,0
1949,47.0,56.0,0,2.0,114.0,0,48.0,0.0,0
1950,48.0,0.0,0,47.0,56.0,0,23.0,56.0,0
1951,23.0,56.0,0,48.0,0.0,0,5.0,0.0,0
1952,5.0,0.0,0,23.0,56.0,0,110.0,31.0,0
1953,110.0,31.0,0,5.0,0.0,0,-3.0,27.0,0
1954,-3.0,27.0,0,110.0,31.0,0,149.0,-4.0,0
1955,149.0,-4.0,0,-3.0,27.0,0,114.0,27.0,8
1956,0.0,6.0,0,48.0,0.0,0,0.0,31.0,0
1957,0.0,31.0,0,0.0,6.0,0,0.0,29.0,0
1958,0.0,29.0,0,0.0,31.0,0,3.0,0.0,0
1959,3.0,0.0,0,0.0,29.0,0,40.0,27.0,0
1960,72.0,0.0,0,2.0,6.0,0,-2.0,0.0,0
1961,-2.0,0.0,0,72.0,0.0,0,50.0,2.0,0
1962,6.0,50.0,16,1.0,19.0,0,0.0,172.0,0
1963,0.0,172.0,0,6.0,50.0,16,0.0,6.0,0
1964,0.0,6.0,0,0.0,172.0,0,1.0,0.0,0
1965,1.0,0.0,0,0.0,6.0,0,26.0,0.0,0
1966,26.0,0.0,0,1.0,0.0,0,20.0,31.0,0
1967,20.0,31.0,0,26.0,0.0,0,0.0,56.0,8
1968,0.0,56.0,8,20.0,31.0,0,0.0,27.0,0
1969,0.0,31.0,16,12.0,29.0,0,0.0,56.0,0
1970,0.0,56.0,0,0.0,31.0,16,0.0,31.0,0
1971,0.0,31.0,0,0.0,56.0,0,0.0,29.0,8
1972,0.0,29.0,8,0.0,31.0,0,2.0,172.0,16
1973,2.0,172.0,16,0.0,29.0,8,9.0,31.0,0
1974,9.0,31.0,0,2.0,172.0,16,0.0,29.0,0
1975,0.0,29.0,0,9.0,31.0,0,0.0,31.0,8
1976,0.0,79.0,0,0.0,50.0,8,0.0,6.0,0
1977,0.0,6.0,0,0.0,79.0,0,0.0,56.0,0
1978,0.0,56.0,0,0.0,6.0,0,1.0,31.0,0
1979,1.0,31.0,0,0.0,56.0,0,9.0,31.0,8
1980,9.0,31.0,8,1.0,31.0,0,0.0,29.0,16
1981,0.0,2.0,0,0.0,6.0,0,39.0,29.0,0
1982,39.0,29.0,0,0.0,2.0,0,0.0,29.0,16
1983,22.0,0.0,8,15.0,54.0,0,140.0,29.0,0
1984,140.0,29.0,0,22.0,0.0,8,8.0,6.0,0
1985,8.0,6.0,0,140.0,29.0,0,34.0,31.0,8
1986,34.0,31.0,8,8.0,6.0,0,3.0,85.0,0
1987,3.0,85.0,0,34.0,31.0,8,56.0,0.0,0
1988,56.0,0.0,0,3.0,85.0,0,58.0,0.0,8
1989,58.0,0.0,8,56.0,0.0,0,-2.0,0.0,0
1990,91.0,0.0,0,27.0,0.0,8,76.0,0.0,0
1991,76.0,0.0,0,91.0,0.0,0,72.0,0.0,16
1992,72.0,0.0,16,76.0,0.0,0,21.0,0.0,16
1993,21.0,0.0,16,72.0,0.0,16,109.0,0.0,8
1994,109.0,0.0,8,21.0,0.0,16,-2.0,0.0,36
1995,-2.0,0.0,36,109.0,0.0,8,10.0,0.0,28
1996,10.0,0.0,28,-2.0,0.0,36,89.0,0.0,8
1997,89.0,0.0,8,10.0,0.0,28,89.0,0.0,0
1998,28.0,0.0,8,65.0,0.0,8,13.0,0.0,0
1999,13.0,0.0,0,28.0,0.0,8,110.0,0.0,0
2000,110.0,0.0,0,13.0,0.0,0,45.0,0.0,0
2001,45.0,0.0,0,110.0,0.0,0,22.0,0.0,0
2002,22.0,0.0,0,45.0,0.0,0,21.0,0.0,0
2003,21.0,0.0,0,22.0,0.0,0,-2.0,0.0,0
2004,1.0,0.0,8,-2.0,0.0,8,13.0,0.0,0
2005,28.0,0.0,0,92.0,-6.0,0,5.0,2.0,0
2006,5.0,2.0,0,28.0,0.0,0,12.0,31.0,8
2007,12.0,31.0,8,5.0,2.0,0,1.0,2.0,0
2008,1.0,2.0,0,12.0,31.0,8,16.0,0.0,0
2009,16.0,0.0,0,1.0,2.0,0,43.0,0.0,0
2010,43.0,0.0,0,16.0,0.0,0,72.0,6.0,0
2011,97.0,29.0,8,163.0,0.0,0,8.0,6.0,0
2012,8.0,6.0,0,97.0,29.0,8,52.0,0.0,16
2013,52.0,0.0,16,8.0,6.0,0,10.0,0.0,0
2014,10.0,0.0,0,52.0,0.0,16,48.0,0.0,0
2015,48.0,0.0,0,10.0,0.0,0,12.0,0.0,8
2016,1.0,0.0,0,2.0,0.0,0,6.0,0.0,8
2017,6.0,0.0,8,1.0,0.0,0,12.0,0.0,0
2018,12.0,0.0,0,6.0,0.0,8,20.0,0.0,0
2019,20.0,0.0,0,12.0,0.0,0,10.0,0.0,0
2020,10.0,0.0,0,20.0,0.0,0,51.0,0.0,0
2021,109.0,6.0,0,5.0,29.0,0,1.0,85.0,0
2022,12.0,0.0,16,111.0,0.0,8,87.0,0.0,8
2023,87.0,0.0,8,12.0,0.0,16,-2.0,0.0,8
2024,-2.0,0.0,8,87.0,0.0,8,3.0,0.0,8
2025,0.0,4.0,0,6.0,0.0,8,11.0,85.0,0
2026,11.0,85.0,0,0.0,4.0,0,31.0,2.0,8
2027,31.0,2.0,8,11.0,85.0,0,6.0,2.0,0
2028,6.0,2.0,0,31.0,2.0,8,9.0,6.0,0
2029,9.0,6.0,0,6.0,2.0,0,-2.0,31.0,8
2030,43.0,0.0,0,-2.0,0.0,0,2.0,0.0,0
2031,2.0,0.0,0,43.0,0.0,0,11.0,0.0,0
2032,11.0,0.0,0,2.0,0.0,0,25.0,0.0,8
2033,25.0,0.0,8,11.0,0.0,0,-2.0,0.0,0
2034,38.0,31.0,0,53.0,31.0,0,-2.0,0.0,0
2035,-2.0,0.0,0,38.0,31.0,0,18.0,6.0,0
2036,18.0,6.0,0,-2.0,0.0,0,23.0,0.0,8
2037,0.0,56.0,0,1.0,25.0,0,3.0,31.0,0
2038,3.0,31.0,0,0.0,56.0,0,38.0,85.0,0
2039,38.0,85.0,0,3.0,31.0,0,27.0,0.0,0
2040,27.0,0.0,0,38.0,85.0,0,2.0,6.0,0
2041,2.0,6.0,0,27.0,0.0,0,3.0,31.0,8
2042,2.0,-2.0,0,-2.0,25.0,0,8.0,25.0,0
2043,8.0,25.0,0,2.0,-2.0,0,8.0,56.0,0
2044,8.0,56.0,0,8.0,25.0,0,7.0,54.0,0
2045,0.0,27.0,0,0.0,25.0,8,53.0,6.0,0
2046,53.0,6.0,0,0.0,27.0,0,2.0,31.0,8
2047,2.0,31.0,8,53.0,6.0,0,9.0,85.0,8
2048,9.0,85.0,8,2.0,31.0,8,1.0,114.0,8
2049,-2.0,4.0,0,16.0,2.0,0,6.0,172.0,0
2050,6.0,172.0,0,-2.0,4.0,0,0.0,31.0,0
2051,0.0,0.0,0,10.0,2.0,0,-2.0,6.0,0
2052,-2.0,6.0,0,0.0,0.0,0,0.0,85.0,8
2053,0.0,85.0,8,-2.0,6.0,0,0.0,6.0,0
2054,108.0,0.0,0,-2.0,0.0,0,132.0,0.0,0
2055,132.0,0.0,0,108.0,0.0,0,3.0,0.0,8
2056,3.0,0.0,8,132.0,0.0,0,34.0,0.0,8
2057,34.0,0.0,8,3.0,0.0,8,127.0,0.0,8
2058,127.0,0.0,8,34.0,0.0,8,8.0,0.0,0
2059,0.0,56.0,0,15.0,27.0,0,0.0,31.0,16
2060,0.0,31.0,16,0.0,56.0,0,27.0,4.0,0
2061,27.0,4.0,0,0.0,31.0,16,1.0,6.0,0
2062,1.0,6.0,0,27.0,4.0,0,19.0,31.0,36
2063,18.0,2.0,0,6.0,2.0,8,-2.0,83.0,0
2064,-2.0,83.0,0,18.0,2.0,0,0.0,83.0,0
2065,16.0,147.0,0,6.0,85.0,0,40.0,31.0,0
2066,40.0,31.0,0,16.0,147.0,0,45.0,4.0,0
2067,45.0,4.0,0,40.0,31.0,0,57.0,0.0,8
2068,57.0,0.0,8,45.0,4.0,0,3.0,2.0,8
2069,3.0,2.0,8,57.0,0.0,8,45.0,4.0,0
2070,45.0,4.0,0,3.0,2.0,8,0.0,31.0,8
2071,7.0,-2.0,0,0.0,54.0,0,1.0,6.0,0
2072,1.0,6.0,0,7.0,-2.0,0,0.0,4.0,0
2073,6.0,85.0,16,131.0,27.0,0,5.0,6.0,0
2074,5.0,6.0,0,6.0,85.0,16,10.0,4.0,0
2075,10.0,4.0,0,5.0,6.0,0,42.0,29.0,8
2076,42.0,29.0,8,10.0,4.0,0,85.0,6.0,0
2077,29.0,4.0,0,0.0,31.0,8,-2.0,25.0,0
2078,-2.0,25.0,0,29.0,4.0,0,7.0,25.0,0
2079,7.0,0.0,0,9.0,0.0,0,13.0,0.0,0
2080,13.0,0.0,0,7.0,0.0,0,106.0,0.0,0
2081,106.0,0.0,0,13.0,0.0,0,20.0,0.0,0
2082,20.0,0.0,0,106.0,0.0,0,3.0,0.0,0
2083,3.0,0.0,0,20.0,0.0,0,6.0,0.0,0
2084,-2.0,0.0,0,7.0,0.0,0,18.0,0.0,8
2085,18.0,0.0,8,-2.0,0.0,0,1.0,0.0,0
2086,78.0,27.0,8,47.0,56.0,0,26.0,85.0,0
2087,26.0,85.0,0,78.0,27.0,8,94.0,27.0,0
2088,94.0,27.0,0,26.0,85.0,0,37.0,29.0,8
2089,0.0,56.0,8,0.0,31.0,0,26.0,81.0,0
2090,26.0,81.0,0,0.0,56.0,8,1.0,29.0,0
2091,1.0,29.0,0,26.0,81.0,0,19.0,83.0,0
2092,19.0,83.0,0,1.0,29.0,0,78.0,31.0,0
2093,78.0,31.0,0,19.0,83.0,0,22.0,112.0,0
2094,22.0,112.0,0,78.0,31.0,0,21.0,2.0,0
2095,0.0,31.0,0,0.0,56.0,8,9.0,31.0,8
2096,9.0,31.0,8,0.0,31.0,0,29.0,83.0,0
2097,29.0,83.0,0,9.0,31.0,8,-2.0,2.0,16
2098,-2.0,2.0,16,29.0,83.0,0,32.0,143.0,0
2099,32.0,143.0,0,-2.0,2.0,16,49.0,2.0,8
2100,49.0,2.0,8,32.0,143.0,0,10.0,27.0,0
2101,1.0,6.0,0,14.0,85.0,0,-2.0,85.0,0
2102,-2.0,85.0,0,1.0,6.0,0,29.0,85.0,0
2103,29.0,85.0,0,-2.0,85.0,0,0.0,31.0,0
2104,0.0,31.0,0,29.0,85.0,0,2.0,27.0,0
2105,29.0,56.0,8,32.0,54.0,8,3.0,4.0,0
2106,3.0,4.0,0,29.0,56.0,8,1.0,2.0,0
2107,1.0,2.0,0,3.0,4.0,0,31.0,31.0,0
2108,31.0,31.0,0,1.0,2.0,0,0.0,56.0,0
2109,56.0,-2.0,8,12.0,0.0,8,20.0,0.0,0
2110,20.0,0.0,0,56.0,-2.0,8,87.0,0.0,8
2111,87.0,0.0,8,20.0,0.0,0,138.0,-2.0,0
2112,138.0,-2.0,0,87.0,0.0,8,54.0,0.0,16
2113,54.0,0.0,16,138.0,-2.0,0,13.0,0.0,16
2114,0.0,56.0,0,11.0,54.0,0,8.0,6.0,8
2115,0.0,81.0,8,0.0,50.0,8,7.0,29.0,0
2116,7.0,29.0,0,0.0,81.0,8,7.0,-4.0,0
2117,7.0,-4.0,0,7.0,29.0,0,0.0,4.0,0
2118,0.0,4.0,0,7.0,-4.0,0,18.0,27.0,0
2119,52.0,0.0,16,2.0,0.0,0,15.0,0.0,8
2120,15.0,0.0,8,52.0,0.0,16,22.0,0.0,0
2121,22.0,0.0,0,15.0,0.0,8,99.0,0.0,0
2122,99.0,0.0,0,22.0,0.0,0,47.0,0.0,8
2123,47.0,0.0,8,99.0,0.0,0,11.0,0.0,0
2124,56.0,0.0,0,-5.0,0.0,8,16.0,0.0,8
2125,16.0,0.0,8,56.0,0.0,0,37.0,0.0,0
2126,37.0,0.0,0,16.0,0.0,8,42.0,0.0,0
2127,42.0,0.0,0,37.0,0.0,0,169.0,0.0,0
2128,75.0,29.0,0,0.0,85.0,0,1.0,31.0,0
2129,1.0,31.0,0,75.0,29.0,0,54.0,79.0,8
2130,54.0,79.0,8,1.0,31.0,0,20.0,56.0,0
2131,20.0,56.0,0,54.0,79.0,8,8.0,85.0,0
2132,-2.0,0.0,8,43.0,0.0,0,2.0,4.0,0
2133,2.0,4.0,0,-2.0,0.0,8,1.0,31.0,0
2134,1.0,31.0,0,2.0,4.0,0,6.0,0.0,0
2135,17.0,31.0,0,21.0,114.0,0,15.0,85.0,0
2136,15.0,85.0,0,17.0,31.0,0,0.0,6.0,0
2137,20.0,-2.0,0,19.0,2.0,0,0.0,31.0,0
2138,0.0,31.0,0,20.0,-2.0,0,0.0,19.0,8
2139,0.0,19.0,8,0.0,31.0,0,6.0,4.0,0
2140,6.0,4.0,0,0.0,19.0,8,15.0,4.0,0
2141,11.0,0.0,0,20.0,0.0,0,16.0,29.0,0
2142,16.0,29.0,0,11.0,0.0,0,5.0,0.0,0
2143,5.0,0.0,0,16.0,29.0,0,23.0,52.0,0
2144,6.0,0.0,0,0.0,31.0,8,0.0,143.0,0
2145,0.0,31.0,0,0.0,-2.0,0,0.0,56.0,0
2146,0.0,56.0,0,0.0,31.0,0,0.0,83.0,0
2147,0.0,83.0,0,0.0,56.0,0,21.0,31.0,0
2148,21.0,31.0,0,0.0,83.0,0,0.0,54.0,0
2149,-2.0,54.0,0,0.0,0.0,8,7.0,114.0,0
2150,7.0,114.0,0,-2.0,54.0,0,0.0,31.0,0
2151,0.0,31.0,0,7.0,114.0,0,1.0,6.0,0
2152,13.0,85.0,0,0.0,0.0,0,-8.0,0.0,8
2153,-8.0,0.0,8,13.0,85.0,0,76.0,0.0,8
2154,76.0,0.0,8,-8.0,0.0,8,6.0,0.0,0
2155,6.0,0.0,0,76.0,0.0,8,5.0,0.0,8
2156,20.0,0.0,8,5.0,0.0,16,10.0,0.0,44
2157,10.0,0.0,44,20.0,0.0,8,3.0,0.0,0
2158,2.0,83.0,0,0.0,83.0,0,0.0,52.0,0
2159,0.0,52.0,0,2.0,83.0,0,0.0,2.0,0
2160,0.0,2.0,0,0.0,52.0,0,0.0,2.0,0
2161,0.0,2.0,0,0.0,2.0,0,1.0,6.0,8
2162,6.0,31.0,0,6.0,27.0,0,1.0,0.0,0
2163,1.0,0.0,0,6.0,31.0,0,-2.0,27.0,0
2164,2.0,6.0,0,5.0,29.0,0,5.0,0.0,8
2165,5.0,0.0,8,2.0,6.0,0,24.0,0.0,8
2166,24.0,0.0,8,5.0,0.0,8,10.0,0.0,0
2167,74.0,31.0,8,71.0,6.0,0,11.0,56.0,0
2168,11.0,56.0,0,74.0,31.0,8,47.0,6.0,0
2169,47.0,6.0,0,11.0,56.0,0,6.0,0.0,0
2170,6.0,0.0,0,47.0,6.0,0,43.0,25.0,0
2171,43.0,25.0,0,6.0,0.0,0,23.0,0.0,0
2172,23.0,0.0,0,43.0,25.0,0,9.0,6.0,0
2173,19.0,-2.0,0,-3.0,0.0,0,41.0,4.0,16
2174,41.0,4.0,16,19.0,-2.0,0,-2.0,0.0,0
2175,-2.0,0.0,0,41.0,4.0,16,24.0,0.0,8
2176,24.0,0.0,8,-2.0,0.0,0,30.0,0.0,0
2177,30.0,0.0,0,24.0,0.0,8,11.0,2.0,0
2178,11.0,2.0,0,30.0,0.0,0,-2.0,0.0,8
2179,10.0,0.0,8,25.0,0.0,0,54.0,0.0,0
2180,54.0,0.0,0,10.0,0.0,8,10.0,0.0,0
2181,10.0,0.0,0,54.0,0.0,0,17.0,0.0,0
2182,17.0,0.0,0,10.0,0.0,0,72.0,0.0,8
2183,72.0,0.0,8,17.0,0.0,0,-3.0,0.0,0
2184,-3.0,0.0,0,72.0,0.0,8,60.0,0.0,0
2185,79.0,31.0,0,49.0,31.0,8,6.0,85.0,8
2186,6.0,85.0,8,79.0,31.0,0,4.0,52.0,0
2187,4.0,52.0,0,6.0,85.0,8,1.0,6.0,0
2188,1.0,6.0,0,4.0,52.0,0,44.0,27.0,16
2189,44.0,27.0,16,1.0,6.0,0,44.0,0.0,0
2190,44.0,0.0,0,44.0,27.0,16,1.0,56.0,0
2191,0.0,4.0,0,8.0,0.0,0,17.0,29.0,0
2192,10.0,0.0,8,9.0,0.0,0,-2.0,0.0,8
2193,-2.0,0.0,8,10.0,0.0,8,53.0,0.0,0
2194,53.0,0.0,0,-2.0,0.0,8,27.0,0.0,8
2195,27.0,0.0,8,53.0,0.0,0,5.0,0.0,0
2196,18.0,0.0,12,1.0,0.0,12,-2.0,0.0,8
2197,-2.0,0.0,8,18.0,0.0,12,-2.0,0.0,8
2198,-2.0,0.0,8,-2.0,0.0,8,12.0,0.0,0
2199,12.0,0.0,0,-2.0,0.0,8,-4.0,0.0,8
2200,0.0,31.0,0,0.0,85.0,0,13.0,0.0,0
2201,13.0,0.0,0,0.0,31.0,0,9.0,29.0,0
2202,9.0,29.0,0,13.0,0.0,0,6.0,29.0,8
2203,6.0,29.0,8,9.0,29.0,0,3.0,85.0,0
2204,0.0,27.0,0,15.0,4.0,8,22.0,0.0,0
2205,22.0,0.0,0,0.0,27.0,0,75.0,52.0,0
2206,75.0,52.0,0,22.0,0.0,0,-2.0,56.0,0
2207,-2.0,56.0,0,75.0,52.0,0,8.0,172.0,0
2208,4.0,0.0,0,-4.0,0.0,0,1.0,0.0,0
2209,1.0,0.0,0,4.0,0.0,0,66.0,0.0,0
2210,66.0,0.0,0,1.0,0.0,0,-2.0,0.0,8
2211,109.0,0.0,24,1.0,0.0,0,16.0,0.0,0
2212,16.0,0.0,0,109.0,0.0,24,12.0,0.0,16
2213,12.0,0.0,16,16.0,0.0,0,12.0,0.0,0
2214,12.0,0.0,0,12.0,0.0,16,-2.0,0.0,8
2215,23.0,0.0,0,3.0,0.0,0,63.0,2.0,0
2216,63.0,2.0,0,23.0,0.0,0,8.0,0.0,0
2217,8.0,0.0,0,63.0,2.0,0,5.0,0.0,8
2218,5.0,0.0,8,8.0,0.0,0,51.0,0.0,0
2219,9.0,6.0,8,20.0,4.0,0,3.0,114.0,0
2220,3.0,114.0,0,9.0,6.0,8,52.0,0.0,0
2221,52.0,0.0,0,3.0,114.0,0,68.0,6.0,0
2222,68.0,6.0,0,52.0,0.0,0,16.0,145.0,0
2223,67.0,27.0,0,38.0,0.0,0,14.0,56.0,0
2224,-2.0,2.0,8,-3.0,6.0,0,0.0,114.0,0
2225,0.0,114.0,0,-2.0,2.0,8,0.0,56.0,0
2226,0.0,25.0,0,9.0,31.0,0,5.0,31.0,0
2227,5.0,31.0,0,0.0,25.0,0,0.0,6.0,0
2228,0.0,6.0,0,5.0,31.0,0,0.0,85.0,0
2229,0.0,85.0,0,0.0,6.0,0,1.0,25.0,0
2230,-5.0,29.0,0,0.0,6.0,8,6.0,31.0,8
2231,16.0,0.0,0,1.0,0.0,0,3.0,0.0,0
2232,3.0,0.0,0,16.0,0.0,0,19.0,0.0,16
2233,19.0,0.0,16,3.0,0.0,0,44.0,0.0,0
2234,0.0,2.0,0,1.0,4.0,0,-2.0,54.0,0
2235,-2.0,54.0,0,0.0,2.0,0,10.0,25.0,0
2236,10.0,25.0,0,-2.0,54.0,0,19.0,0.0,8
2237,19.0,0.0,8,10.0,25.0,0,5.0,52.0,0
2238,0.0,31.0,0,5.0,25.0,0,-2.0,27.0,8
2239,0.0,31.0,0,0.0,4.0,0,1.0,2.0,8
2240,1.0,2.0,8,0.0,31.0,0,-2.0,2.0,0
2241,-2.0,2.0,0,1.0,2.0,8,0.0,31.0,0
2242,1.0,0.0,8,109.0,0.0,0,11.0,0.0,0
2243,28.0,31.0,0,17.0,0.0,0,11.0,4.0,16
2244,11.0,4.0,16,28.0,31.0,0,151.0,6.0,0
2245,80.0,0.0,0,103.0,0.0,0,95.0,0.0,0
2246,95.0,0.0,0,80.0,0.0,0,5.0,0.0,8
2247,5.0,0.0,8,95.0,0.0,0,8.0,0.0,0
2248,8.0,0.0,0,5.0,0.0,8,37.0,0.0,8
2249,1.0,56.0,0,-2.0,31.0,0,85.0,31.0,8
2250,85.0,31.0,8,1.0,56.0,0,47.0,4.0,8
2251,47.0,4.0,8,85.0,31.0,8,9.0,54.0,8
2252,9.0,54.0,8,47.0,4.0,8,56.0,56.0,8
2253,10.0,0.0,0,115.0,0.0,0,23.0,0.0,0
2254,-2.0,27.0,8,0.0,29.0,0,11.0,85.0,0
2255,11.0,85.0,0,-2.0,27.0,8,14.0,52.0,0
2256,14.0,52.0,0,11.0,85.0,0,23.0,27.0,0
2257,23.0,27.0,0,14.0,52.0,0,0.0,31.0,8
2258,0.0,31.0,0,0.0,114.0,0,0.0,25.0,0
2259,-2.0,0.0,0,53.0,0.0,0,-2.0,0.0,0
2260,54.0,52.0,0,1.0,56.0,0,2.0,52.0,0
2261,0.0,6.0,0,0.0,52.0,8,0.0,52.0,0
2262,15.0,0.0,0,49.0,0.0,0,2.0,0.0,0
2263,-2.0,85.0,0,12.0,0.0,0,0.0,4.0,0
2264,3.0,27.0,0,13.0,4.0,0,0.0,25.0,0
2265,19.0,0.0,0,11.0,0.0,16,69.0,0.0,0
2266,7.0,0.0,20,-2.0,0.0,8,15.0,0.0,28
2267,178.0,0.0,0,-3.0,0.0,0,33.0,0.0,16
2268,43.0,56.0,0,8.0,4.0,0,1.0,52.0,0
2269,0.0,31.0,0,3.0,27.0,8,20.0,81.0,0
2270,20.0,81.0,0,0.0,31.0,0,27.0,81.0,8
2271,3.0,56.0,0,0.0,31.0,0,0.0,114.0,0
2272,2.0,31.0,0,39.0,-4.0,0,-2.0,2.0,8
2273,-2.0,2.0,8,2.0,31.0,0,2.0,2.0,8
2274,-2.0,6.0,0,10.0,56.0,0,0.0,83.0,0
2275,17.0,0.0,28,97.0,0.0,8,18.0,0.0,0
2276,18.0,0.0,0,17.0,0.0,28,-2.0,0.0,8
2277,-2.0,0.0,8,18.0,0.0,0,68.0,0.0,0
2278,68.0,0.0,0,-2.0,0.0,8,107.0,0.0,0
2279,0.0,0.0,0,12.0,0.0,0,61.0,0.0,0
2280,61.0,0.0,0,0.0,0.0,0,28.0,0.0,8
2281,13.0,85.0,8,0.0,56.0,0,0.0,114.0,8
2282,0.0,114.0,8,13.0,85.0,8,7.0,56.0,8
2283,85.0,0.0,0,23.0,0.0,0,76.0,0.0,0
2284,76.0,0.0,0,85.0,0.0,0,69.0,0.0,0
2285,69.0,0.0,0,76.0,0.0,0,82.0,0.0,0
2286,82.0,0.0,0,69.0,0.0,0,48.0,0.0,8
2287,21.0,0.0,0,14.0,0.0,0,48.0,0.0,0
2288,48.0,0.0,0,21.0,0.0,0,17.0,0.0,0
2289,0.0,31.0,0,0.0,85.0,0,0.0,6.0,8
2290,47.0,4.0,0,18.0,0.0,0,28.0,4.0,8
2291,28.0,4.0,8,47.0,4.0,0,7.0,0.0,0
2292,7.0,0.0,0,28.0,4.0,8,4.0,6.0,0
2293,-2.0,0.0,0,1.0,0.0,0,18.0,0.0,0
2294,18.0,0.0,0,-2.0,0.0,0,45.0,0.0,0
2295,45.0,0.0,0,18.0,0.0,0,3.0,0.0,0
2296,1.0,0.0,0,10.0,2.0,0,69.0,0.0,0
2297,69.0,0.0,0,1.0,0.0,0,63.0,4.0,0
2298,63.0,4.0,0,69.0,0.0,0,23.0,0.0,8
2299,1.0,0.0,0,10.0,0.0,0,17.0,0.0,0
2300,17.0,0.0,0,1.0,0.0,0,91.0,0.0,0
2301,19.0,54.0,0,184.0,114.0,0,26.0,0.0,0
2302,26.0,0.0,0,19.0,54.0,0,22.0,29.0,0
2303,22.0,29.0,0,26.0,0.0,0,89.0,147.0,0
2304,11.0,25.0,8,-2.0,0.0,0,0.0,31.0,8
2305,0.0,31.0,8,11.0,25.0,8,54.0,29.0,8
2306,54.0,29.0,8,0.0,31.0,8,53.0,56.0,0
2307,22.0,0.0,8,8.0,0.0,8,13.0,0.0,8
2308,13.0,0.0,8,22.0,0.0,8,6.0,0.0,0
2309,6.0,0.0,0,13.0,0.0,8,25.0,0.0,40
2310,14.0,4.0,8,-2.0,2.0,8,0.0,31.0,0
2311,0.0,31.0,0,14.0,4.0,8,41.0,54.0,8
2312,-5.0,2.0,0,64.0,29.0,0,28.0,52.0,8
2313,28.0,52.0,8,-5.0,2.0,0,0.0,31.0,0
2314,0.0,31.0,0,28.0,52.0,8,5.0,2.0,0
2315,-3.0,27.0,0,45.0,85.0,0,-2.0,52.0,0
2316,-2.0,52.0,0,-3.0,27.0,0,0.0,27.0,0
2317,0.0,27.0,0,-2.0,52.0,0,0.0,29.0,0
2318,12.0,85.0,0,17.0,147.0,0,41.0,52.0,0
2319,41.0,52.0,0,12.0,85.0,0,-2.0,4.0,0
2320,-2.0,4.0,0,41.0,52.0,0,22.0,56.0,0
2321,19.0,31.0,0,27.0,0.0,8,8.0,85.0,8
2322,8.0,85.0,8,19.0,31.0,0,24.0,31.0,0
2323,24.0,31.0,0,8.0,85.0,8,83.0,2.0,0
2324,-2.0,0.0,0,-3.0,6.0,0,17.0,0.0,0
2325,17.0,0.0,0,-2.0,0.0,0,14.0,0.0,0
2326,14.0,0.0,0,17.0,0.0,0,16.0,2.0,0
2327,15.0,2.0,0,23.0,25.0,0,6.0,0.0,0
2328,6.0,0.0,0,15.0,2.0,0,18.0,31.0,0
2329,13.0,4.0,0,27.0,29.0,0,40.0,79.0,0
2330,40.0,79.0,0,13.0,4.0,0,-2.0,25.0,0
2331,-2.0,25.0,0,40.0,79.0,0,17.0,2.0,0
2332,3.0,52.0,0,0.0,54.0,8,0.0,54.0,0
2333,0.0,54.0,0,3.0,52.0,0,-5.0,0.0,8
2334,-5.0,0.0,8,0.0,54.0,0,8.0,54.0,0
2335,17.0,0.0,0,46.0,0.0,8,88.0,0.0,0
2336,88.0,0.0,0,17.0,0.0,0,-2.0,0.0,0
2337,-2.0,0.0,0,88.0,0.0,0,6.0,0.0,8
2338,3.0,-2.0,8,30.0,0.0,0,41.0,0.0,0
2339,41.0,0.0,0,3.0,-2.0,8,-2.0,0.0,0
2340,-2.0,0.0,0,41.0,0.0,0,73.0,0.0,0
2341,-3.0,0.0,0,6.0,0.0,0,57.0,-4.0,0
2342,57.0,-4.0,0,-3.0,0.0,0,1.0,0.0,0
2343,1.0,0.0,0,57.0,-4.0,0,75.0,0.0,8
2344,-5.0,0.0,0,156.0,0.0,0,20.0,0.0,16
2345,20.0,0.0,16,-5.0,0.0,0,7.0,0.0,0
2346,7.0,0.0,0,20.0,0.0,16,17.0,0.0,0
2347,-4.0,0.0,8,76.0,31.0,0,9.0,85.0,0
2348,9.0,85.0,0,-4.0,0.0,8,111.0,6.0,0
2349,111.0,6.0,0,9.0,85.0,0,26.0,31.0,0
2350,10.0,147.0,0,43.0,29.0,0,11.0,85.0,0
2351,44.0,6.0,8,110.0,85.0,0,15.0,147.0,8
2352,15.0,147.0,8,44.0,6.0,8,8.0,6.0,8
2353,8.0,6.0,8,15.0,147.0,8,27.0,31.0,0
2354,-2.0,4.0,0,86.0,0.0,0,74.0,0.0,0
2355,74.0,0.0,0,-2.0,4.0,0,132.0,0.0,0
2356,132.0,0.0,0,74.0,0.0,0,15.0,0.0,36
2357,62.0,0.0,0,7.0,0.0,0,-2.0,0.0,8
2358,-2.0,0.0,8,62.0,0.0,0,-2.0,0.0,0
2359,-2.0,0.0,0,-2.0,0.0,8,48.0,0.0,0
2360,7.0,0.0,8,2.0,0.0,8,8.0,0.0,0
2361,8.0,0.0,0,7.0,0.0,8,43.0,0.0,0
2362,7.0,0.0,8,2.0,0.0,8,11.0,0.0,0
2363,-1.0,0.0,0,6.0,0.0,0,26.0,0.0,8
2364,26.0,0.0,8,-1.0,0.0,0,9.0,0.0,16
2365,9.0,54.0,0,0.0,27.0,8,22.0,56.0,0
2366,22.0,56.0,0,9.0,54.0,0,22.0,2.0,0
2367,22.0,2.0,0,22.0,56.0,0,0.0,85.0,16
2368,45.0,2.0,0,3.0,31.0,0,4.0,6.0,0
2369,4.0,6.0,0,45.0,2.0,0,5.0,85.0,0
2370,5.0,85.0,0,4.0,6.0,0,0.0,56.0,0
2371,0.0,29.0,0,0.0,0.0,0,2.0,0.0,0
2372,2.0,0.0,0,0.0,29.0,0,6.0,54.0,0
2373,6.0,54.0,0,2.0,0.0,0,0.0,-2.0,0
2374,78.0,0.0,0,7.0,0.0,0,50.0,56.0,0
2375,50.0,56.0,0,78.0,0.0,0,65.0,25.0,0
2376,65.0,25.0,0,50.0,56.0,0,44.0,0.0,0
2377,104.0,29.0,0,107.0,172.0,8,112.0,0.0,0
2378,112.0,0.0,0,104.0,29.0,0,25.0,-6.0,0
2379,25.0,-6.0,0,112.0,0.0,0,1.0,2.0,16
2380,0.0,56.0,0,0.0,2.0,0,12.0,54.0,0
2381,12.0,54.0,0,0.0,56.0,0,40.0,56.0,8
2382,40.0,56.0,8,12.0,54.0,0,14.0,31.0,0
2383,0.0,29.0,0,0.0,6.0,0,2.0,56.0,0
2384,2.0,56.0,0,0.0,29.0,0,4.0,56.0,8
2385,4.0,56.0,8,2.0,56.0,0,0.0,56.0,0
2386,0.0,2.0,8,0.0,56.0,0,4.0,29.0,0
2387,2.0,2.0,0,0.0,6.0,0,50.0,6.0,0
2388,50.0,6.0,0,2.0,2.0,0,51.0,0.0,16
2389,51.0,0.0,16,50.0,6.0,0,-1.0,85.0,0
2390,5.0,31.0,0,0.0,56.0,8,3.0,27.0,0
2391,3.0,27.0,0,5.0,31.0,0,3.0,25.0,0
2392,3.0,25.0,0,3.0,27.0,0,8.0,6.0,0
2393,13.0,0.0,8,17.0,0.0,8,46.0,2.0,8
2394,46.0,2.0,8,13.0,0.0,8,21.0,-2.0,8
2395,21.0,-2.0,8,46.0,2.0,8,14.0,0.0,0
2396,31.0,0.0,0,72.0,0.0,12,-3.0,0.0,0
2397,-3.0,0.0,0,31.0,0.0,0,8.0,0.0,8
2398,8.0,0.0,8,-3.0,0.0,0,5.0,0.0,8
2399,69.0,0.0,8,6.0,0.0,8,7.0,0.0,0
2400,7.0,0.0,0,69.0,0.0,8,6.0,0.0,0
2401,6.0,0.0,0,7.0,0.0,0,3.0,0.0,8
2402,18.0,4.0,0,14.0,2.0,16,73.0,50.0,0
2403,73.0,50.0,0,18.0,4.0,0,-2.0,27.0,8
2404,-2.0,27.0,8,73.0,50.0,0,58.0,0.0,0
2405,0.0,29.0,0,4.0,-6.0,0,7.0,6.0,8
2406,7.0,6.0,8,0.0,29.0,0,19.0,4.0,8
2407,19.0,4.0,8,7.0,6.0,8,22.0,27.0,0
2408,2.0,2.0,0,18.0,2.0,16,2.0,4.0,0
2409,2.0,4.0,0,2.0,2.0,0,15.0,0.0,0
2410,0.0,54.0,8,-2.0,112.0,0,15.0,0.0,0
2411,15.0,0.0,0,0.0,54.0,8,2.0,27.0,0
2412,0.0,27.0,0,6.0,147.0,0,39.0,56.0,0
2413,39.0,56.0,0,0.0,27.0,0,1.0,2.0,0
2414,0.0,29.0,8,1.0,27.0,0,-2.0,56.0,0
2415,-2.0,56.0,0,0.0,29.0,8,2.0,31.0,0
2416,5.0,85.0,0,5.0,2.0,8,0.0,0.0,0
2417,-2.0,0.0,0,13.0,0.0,0,6.0,0.0,0
2418,6.0,0.0,0,-2.0,0.0,0,1.0,0.0,8
2419,1.0,0.0,8,6.0,0.0,0,122.0,0.0,0
2420,88.0,0.0,16,64.0,0.0,8,52.0,0.0,8
2421,52.0,0.0,8,88.0,0.0,16,2.0,0.0,16
2422,2.0,0.0,16,52.0,0.0,8,25.0,0.0,0
2423,2.0,0.0,8,28.0,0.0,0,10.0,0.0,0
2424,40.0,0.0,0,1.0,0.0,8,26.0,0.0,0
2425,26.0,0.0,0,40.0,0.0,0,4.0,0.0,0
2426,4.0,0.0,0,26.0,0.0,0,88.0,0.0,0
2427,20.0,0.0,0,5.0,0.0,0,11.0,-2.0,0
2428,11.0,-2.0,0,20.0,0.0,0,42.0,0.0,8
2429,3.0,27.0,0,0.0,114.0,0,0.0,114.0,0
2430,0.0,114.0,0,3.0,27.0,0,22.0,6.0,0
2431,22.0,6.0,0,0.0,114.0,0,0.0,0.0,8
2432,10.0,56.0,8,0.0,147.0,0,0.0,114.0,0
2433,0.0,114.0,0,10.0,56.0,8,5.0,52.0,0
2434,5.0,52.0,0,0.0,114.0,0,0.0,56.0,0
2435,10.0,2.0,0,0.0,-2.0,0,8.0,0.0,0
2436,8.0,0.0,0,10.0,2.0,0,3.0,6.0,8
2437,3.0,6.0,8,8.0,0.0,0,2.0,0.0,0
2438,9.0,4.0,8,0.0,31.0,8,0.0,50.0,0
2439,92.0,54.0,0,21.0,0.0,16,43.0,0.0,0
2440,43.0,0.0,0,92.0,54.0,0,18.0,0.0,0
2441,18.0,0.0,0,43.0,0.0,0,6.0,56.0,0
2442,9.0,0.0,0,9.0,0.0,0,0.0,0.0,8
2443,0.0,0.0,8,9.0,0.0,0,12.0,0.0,0
2444,12.0,0.0,0,0.0,0.0,8,146.0,0.0,0
2445,80.0,31.0,8,10.0,0.0,0,-2.0,0.0,8
2446,-2.0,0.0,8,80.0,31.0,8,165.0,25.0,8
2447,8.0,0.0,0,15.0,0.0,0,11.0,0.0,8
2448,11.0,0.0,8,8.0,0.0,0,31.0,0.0,0
2449,29.0,0.0,0,40.0,0.0,8,-3.0,0.0,0
2450,-3.0,0.0,0,29.0,0.0,0,52.0,0.0,0
2451,33.0,0.0,8,7.0,0.0,8,-3.0,0.0,0
2452,0.0,6.0,0,5.0,56.0,0,0.0,31.0,0
2453,0.0,31.0,0,0.0,6.0,0,0.0,6.0,8
2454,6.0,6.0,8,-2.0,85.0,0,-2.0,0.0,0
2455,-2.0,0.0,0,6.0,6.0,8,8.0,0.0,8
2456,86.0,56.0,0,-5.0,83.0,0,50.0,6.0,0
2457,50.0,6.0,0,86.0,56.0,0,4.0,2.0,0
2458,-1.0,6.0,0,4.0,0.0,0,7.0,0.0,0
2459,2.0,0.0,0,-2.0,0.0,8,77.0,0.0,0
